,cuisines,city,platform,monthly_orders
0,Italian,Mumbai,swiggy,140
1,Mughlai,Mumbai,swiggy,279
2,Mediterranean,Mumbai,swiggy,137
3,Desserts,Mumbai,swiggy,233
4,Mexican,Mumbai,swiggy,218
5,Thai,Mumbai,swiggy,286
6,Mexican,Mumbai,swiggy,227
7,Chinese,Mumbai,swiggy,220
8,Cafe,Mumbai,swiggy,121
9,Multi-Cuisine,Mumbai,swiggy,140
10,Pan-Asian,Mumbai,swiggy,296
11,Seafood,Mumbai,swiggy,197
12,Japanese,Mumbai,swiggy,245
13,Mexican,Mumbai,swiggy,191
14,Multi-Cuisine,Mumbai,swiggy,184
15,Japanese,Mumbai,swiggy,369
16,Continental,Mumbai,swiggy,160
17,Lebanese,Mumbai,swiggy,215
18,North Indian,Mumbai,swiggy,144
19,Thai,Mumbai,swiggy,259
20,Japanese,Mumbai,swiggy,223
21,North Indian,Mumbai,swiggy,116
22,Pan-Asian,Mumbai,swiggy,177
23,Lebanese,Mumbai,swiggy,248
24,Pan-Asian,Mumbai,swiggy,172
25,Mexican,Mumbai,swiggy,200
26,South Indian,Mumbai,swiggy,223
27,Lebanese,Mumbai,swiggy,161
28,Lebanese,Mumbai,swiggy,165
29,Multi-Cuisine,Mumbai,swiggy,212
30,Korean,Mumbai,swiggy,88
31,Continental,Mumbai,swiggy,151
32,Japanese,Mumbai,swiggy,113
33,Bakery,Mumbai,swiggy,230
34,Mughlai,Mumbai,swiggy,195
35,Bakery,Mumbai,swiggy,209
36,Korean,Mumbai,swiggy,137
37,Seafood,Mumbai,swiggy,285
38,Chinese,Mumbai,swiggy,146
39,Street Food,Mumbai,swiggy,319
40,Biryani,Mumbai,swiggy,173
41,Pan-Asian,Mumbai,swiggy,306
42,Lebanese,Mumbai,swiggy,176
43,Continental,Mumbai,swiggy,124
44,Italian,Mumbai,swiggy,185
45,Mediterranean,Mumbai,swiggy,169
46,Mediterranean,Mumbai,swiggy,193
47,Bakery,Mumbai,swiggy,157
48,Biryani,Mumbai,swiggy,216
49,Seafood,Mumbai,swiggy,161
50,Fast Food,Mumbai,swiggy,115
51,Street Food,Mumbai,swiggy,220
52,Mediterranean,Mumbai,swiggy,107
53,Fast Food,Mumbai,swiggy,263
54,South Indian,Mumbai,swiggy,189
55,Korean,Mumbai,swiggy,249
56,Street Food,Mumbai,swiggy,375
57,Cafe,Mumbai,swiggy,147
58,Cafe,Mumbai,swiggy,153
59,Thai,Mumbai,swiggy,271
60,Continental,Mumbai,swiggy,337
61,Pan-Asian,Mumbai,swiggy,148
62,Thai,Mumbai,swiggy,144
63,Vietnamese,Mumbai,swiggy,219
64,Chinese,Mumbai,swiggy,175
65,South Indian,Mumbai,swiggy,133
66,Seafood,Mumbai,swiggy,200
67,South Indian,Mumbai,swiggy,373
68,Street Food,Mumbai,swiggy,270
69,Bakery,Mumbai,swiggy,203
70,Mediterranean,Mumbai,swiggy,318
71,Pan-Asian,Mumbai,swiggy,192
72,Bakery,Mumbai,swiggy,107
73,Cafe,Mumbai,swiggy,137
74,Cafe,Mumbai,swiggy,271
75,South Indian,Mumbai,swiggy,158
76,Biryani,Mumbai,swiggy,130
77,Mughlai,Mumbai,swiggy,219
78,Mughlai,Mumbai,swiggy,200
79,Mediterranean,Mumbai,swiggy,127
80,Street Food,Mumbai,swiggy,262
81,Bakery,Mumbai,swiggy,150
82,Mughlai,Mumbai,swiggy,156
83,Italian,Mumbai,swiggy,213
84,Chinese,Mumbai,swiggy,123
85,Vietnamese,Mumbai,swiggy,118
86,Pan-Asian,Mumbai,swiggy,231
87,Japanese,Mumbai,swiggy,271
88,Street Food,Mumbai,swiggy,254
89,Continental,Mumbai,swiggy,134
90,Continental,Mumbai,swiggy,139
91,Mediterranean,Mumbai,swiggy,251
92,Thai,Mumbai,swiggy,162
93,Japanese,Mumbai,swiggy,212
94,South Indian,Mumbai,swiggy,144
95,Fast Food,Mumbai,swiggy,272
96,Pan-Asian,Mumbai,swiggy,310
97,Street Food,Mumbai,swiggy,243
98,Korean,Mumbai,swiggy,84
99,Lebanese,Mumbai,swiggy,257
100,Seafood,Mumbai,swiggy,224
101,Cafe,Mumbai,swiggy,302
102,Mexican,Mumbai,swiggy,191
103,Continental,Mumbai,swiggy,176
104,Cafe,Mumbai,swiggy,290
105,Fast Food,Mumbai,swiggy,298
106,Mexican,Mumbai,swiggy,236
107,Multi-Cuisine,Mumbai,swiggy,237
108,Multi-Cuisine,Mumbai,swiggy,318
109,Chinese,Mumbai,swiggy,172
110,Desserts,Mumbai,swiggy,188
111,Continental,Mumbai,swiggy,131
112,Chinese,Mumbai,swiggy,219
113,Italian,Mumbai,swiggy,167
114,Cafe,Mumbai,swiggy,117
115,Street Food,Mumbai,swiggy,168
116,Chinese,Mumbai,swiggy,240
117,Korean,Mumbai,swiggy,161
118,Seafood,Mumbai,swiggy,279
119,Lebanese,Mumbai,swiggy,144
120,Desserts,Mumbai,swiggy,245
121,Biryani,Mumbai,swiggy,184
122,Mediterranean,Mumbai,swiggy,315
123,Korean,Mumbai,swiggy,123
124,Continental,Mumbai,swiggy,173
125,South Indian,Mumbai,swiggy,257
126,Korean,Mumbai,swiggy,111
127,Continental,Mumbai,swiggy,184
128,Desserts,Mumbai,swiggy,253
129,Vietnamese,Mumbai,swiggy,151
130,Continental,Mumbai,swiggy,170
131,Bakery,Mumbai,swiggy,161
132,Biryani,Mumbai,swiggy,117
133,Multi-Cuisine,Mumbai,swiggy,163
134,Bakery,Mumbai,swiggy,201
135,Desserts,Mumbai,swiggy,272
136,Korean,Mumbai,swiggy,263
137,North Indian,Mumbai,swiggy,241
138,Biryani,Mumbai,swiggy,137
139,Seafood,Mumbai,swiggy,179
140,Continental,Mumbai,swiggy,161
141,Multi-Cuisine,Mumbai,swiggy,248
142,North Indian,Mumbai,swiggy,261
143,Mexican,Mumbai,swiggy,273
144,Japanese,Mumbai,swiggy,262
145,Seafood,Mumbai,swiggy,177
146,Multi-Cuisine,Mumbai,swiggy,241
147,Street Food,Mumbai,swiggy,230
148,Cafe,Mumbai,swiggy,193
149,Korean,Mumbai,swiggy,126
150,Seafood,Mumbai,swiggy,202
151,Thai,Mumbai,swiggy,251
152,South Indian,Mumbai,swiggy,321
153,Korean,Mumbai,swiggy,361
154,Italian,Mumbai,swiggy,140
155,Thai,Mumbai,swiggy,120
156,Korean,Mumbai,swiggy,278
157,Mughlai,Mumbai,swiggy,185
158,Korean,Mumbai,swiggy,185
159,North Indian,Mumbai,swiggy,357
160,Lebanese,Mumbai,swiggy,153
161,South Indian,Mumbai,swiggy,317
162,Seafood,Mumbai,swiggy,215
163,Bakery,Mumbai,swiggy,228
164,Thai,Mumbai,swiggy,303
165,Chinese,Mumbai,swiggy,215
166,Pan-Asian,Mumbai,swiggy,157
167,Cafe,Mumbai,swiggy,302
168,Cafe,Mumbai,swiggy,250
169,Japanese,Mumbai,swiggy,281
170,Street Food,Mumbai,swiggy,341
171,Lebanese,Mumbai,swiggy,215
172,Mediterranean,Mumbai,swiggy,189
173,Street Food,Mumbai,swiggy,242
174,Mediterranean,Mumbai,swiggy,210
175,Multi-Cuisine,Mumbai,swiggy,158
176,Lebanese,Mumbai,swiggy,236
177,Multi-Cuisine,Mumbai,swiggy,143
178,Mediterranean,Mumbai,swiggy,323
179,Multi-Cuisine,Mumbai,swiggy,166
180,Chinese,Mumbai,swiggy,246
181,Biryani,Mumbai,swiggy,260
182,Biryani,Mumbai,swiggy,428
183,Street Food,Mumbai,swiggy,129
184,Continental,Mumbai,swiggy,106
185,Korean,Mumbai,swiggy,171
186,Japanese,Mumbai,swiggy,125
187,Mughlai,Mumbai,swiggy,181
188,Street Food,Mumbai,swiggy,384
189,Japanese,Mumbai,swiggy,191
190,Mediterranean,Mumbai,swiggy,249
191,Desserts,Mumbai,swiggy,253
192,North Indian,Mumbai,swiggy,250
193,Seafood,Mumbai,swiggy,196
194,Italian,Mumbai,swiggy,120
195,South Indian,Mumbai,swiggy,195
196,Japanese,Mumbai,swiggy,152
197,Mexican,Mumbai,swiggy,165
198,Lebanese,Mumbai,swiggy,214
199,Multi-Cuisine,Mumbai,swiggy,113
200,Desserts,Mumbai,swiggy,152
201,Continental,Mumbai,swiggy,331
202,Lebanese,Mumbai,swiggy,158
203,Biryani,Mumbai,swiggy,190
204,Cafe,Mumbai,swiggy,350
205,Cafe,Mumbai,swiggy,193
206,North Indian,Mumbai,swiggy,238
207,North Indian,Mumbai,swiggy,109
208,North Indian,Mumbai,swiggy,299
209,Lebanese,Mumbai,swiggy,124
210,Mediterranean,Mumbai,swiggy,350
211,Italian,Mumbai,swiggy,119
212,Fast Food,Mumbai,swiggy,295
213,Lebanese,Mumbai,swiggy,153
214,Cafe,Mumbai,swiggy,333
215,Italian,Mumbai,swiggy,121
216,Seafood,Mumbai,swiggy,243
217,Vietnamese,Mumbai,swiggy,275
218,Italian,Mumbai,swiggy,116
219,Multi-Cuisine,Mumbai,swiggy,268
220,Street Food,Mumbai,swiggy,320
221,Korean,Mumbai,swiggy,102
222,Biryani,Mumbai,swiggy,119
223,Italian,Mumbai,swiggy,146
224,Bakery,Mumbai,swiggy,265
225,South Indian,Mumbai,swiggy,162
226,Pan-Asian,Mumbai,swiggy,99
227,Biryani,Mumbai,swiggy,298
228,Japanese,Mumbai,swiggy,299
229,Bakery,Mumbai,swiggy,222
230,North Indian,Mumbai,swiggy,319
231,Biryani,Mumbai,swiggy,212
232,Pan-Asian,Mumbai,swiggy,149
233,Pan-Asian,Mumbai,swiggy,329
234,Korean,Mumbai,swiggy,126
235,Pan-Asian,Mumbai,swiggy,160
236,Thai,Mumbai,swiggy,202
237,Desserts,Mumbai,swiggy,162
238,Japanese,Mumbai,swiggy,177
239,Lebanese,Mumbai,swiggy,295
240,Chinese,Mumbai,swiggy,237
241,Multi-Cuisine,Mumbai,swiggy,267
242,Pan-Asian,Mumbai,swiggy,133
243,Bakery,Mumbai,swiggy,192
244,Fast Food,Mumbai,swiggy,215
245,Italian,Mumbai,swiggy,174
246,Mughlai,Mumbai,swiggy,83
247,Mediterranean,Mumbai,swiggy,261
248,Multi-Cuisine,Mumbai,swiggy,180
249,Thai,Mumbai,swiggy,128
250,Korean,Mumbai,swiggy,273
251,Italian,Mumbai,swiggy,123
252,North Indian,Mumbai,swiggy,240
253,Street Food,Mumbai,swiggy,251
254,Mughlai,Mumbai,swiggy,149
255,Thai,Mumbai,swiggy,131
256,Biryani,Mumbai,swiggy,202
257,North Indian,Mumbai,swiggy,262
258,Multi-Cuisine,Mumbai,swiggy,141
259,Thai,Bangalore,swiggy,190
260,Korean,Bangalore,swiggy,123
261,Mediterranean,Bangalore,swiggy,158
262,Desserts,Bangalore,swiggy,306
263,Korean,Bangalore,swiggy,294
264,Italian,Bangalore,swiggy,208
265,Thai,Bangalore,swiggy,294
266,Korean,Bangalore,swiggy,214
267,Multi-Cuisine,Bangalore,swiggy,183
268,Fast Food,Bangalore,swiggy,176
269,Biryani,Bangalore,swiggy,138
270,Korean,Bangalore,swiggy,197
271,Bakery,Bangalore,swiggy,127
272,Japanese,Bangalore,swiggy,283
273,Continental,Bangalore,swiggy,308
274,Street Food,Bangalore,swiggy,160
275,Korean,Bangalore,swiggy,288
276,Biryani,Bangalore,swiggy,157
277,South Indian,Bangalore,swiggy,155
278,Vietnamese,Bangalore,swiggy,112
279,Chinese,Bangalore,swiggy,259
280,Mughlai,Bangalore,swiggy,315
281,Mexican,Bangalore,swiggy,93
282,Lebanese,Bangalore,swiggy,399
283,Biryani,Bangalore,swiggy,270
284,Italian,Bangalore,swiggy,80
285,Mughlai,Bangalore,swiggy,264
286,Continental,Bangalore,swiggy,336
287,Fast Food,Bangalore,swiggy,291
288,Mediterranean,Bangalore,swiggy,107
289,Biryani,Bangalore,swiggy,165
290,Bakery,Bangalore,swiggy,343
291,Multi-Cuisine,Bangalore,swiggy,276
292,Italian,Bangalore,swiggy,301
293,North Indian,Bangalore,swiggy,219
294,Mughlai,Bangalore,swiggy,140
295,Mughlai,Bangalore,swiggy,100
296,Mexican,Bangalore,swiggy,169
297,Desserts,Bangalore,swiggy,102
298,Italian,Bangalore,swiggy,211
299,North Indian,Bangalore,swiggy,241
300,Seafood,Bangalore,swiggy,202
301,Thai,Bangalore,swiggy,112
302,Multi-Cuisine,Bangalore,swiggy,208
303,Biryani,Bangalore,swiggy,228
304,Street Food,Bangalore,swiggy,316
305,Bakery,Bangalore,swiggy,214
306,Pan-Asian,Bangalore,swiggy,227
307,Continental,Bangalore,swiggy,252
308,Street Food,Bangalore,swiggy,356
309,Thai,Bangalore,swiggy,252
310,Mexican,Bangalore,swiggy,271
311,Seafood,Bangalore,swiggy,102
312,Mediterranean,Bangalore,swiggy,182
313,North Indian,Bangalore,swiggy,303
314,North Indian,Bangalore,swiggy,224
315,Mughlai,Bangalore,swiggy,263
316,Mughlai,Bangalore,swiggy,202
317,Korean,Bangalore,swiggy,161
318,Bakery,Bangalore,swiggy,113
319,Continental,Bangalore,swiggy,193
320,Mexican,Bangalore,swiggy,214
321,North Indian,Bangalore,swiggy,220
322,Mughlai,Bangalore,swiggy,114
323,Multi-Cuisine,Bangalore,swiggy,122
324,Mexican,Bangalore,swiggy,147
325,Mughlai,Bangalore,swiggy,175
326,Multi-Cuisine,Bangalore,swiggy,250
327,Italian,Bangalore,swiggy,120
328,Chinese,Bangalore,swiggy,274
329,Mexican,Bangalore,swiggy,227
330,Mediterranean,Bangalore,swiggy,200
331,Cafe,Bangalore,swiggy,148
332,Korean,Bangalore,swiggy,203
333,Korean,Bangalore,swiggy,143
334,Thai,Bangalore,swiggy,342
335,Street Food,Bangalore,swiggy,218
336,Biryani,Bangalore,swiggy,264
337,South Indian,Bangalore,swiggy,177
338,Mediterranean,Bangalore,swiggy,155
339,Thai,Bangalore,swiggy,184
340,Multi-Cuisine,Bangalore,swiggy,166
341,Mughlai,Bangalore,swiggy,98
342,Lebanese,Bangalore,swiggy,180
343,Fast Food,Bangalore,swiggy,244
344,Biryani,Bangalore,swiggy,362
345,Italian,Bangalore,swiggy,194
346,Seafood,Bangalore,swiggy,127
347,Continental,Bangalore,swiggy,346
348,Pan-Asian,Bangalore,swiggy,110
349,Chinese,Bangalore,swiggy,247
350,Lebanese,Bangalore,swiggy,145
351,Italian,Bangalore,swiggy,279
352,Japanese,Bangalore,swiggy,260
353,Pan-Asian,Bangalore,swiggy,277
354,Seafood,Bangalore,swiggy,154
355,Japanese,Bangalore,swiggy,291
356,Mughlai,Bangalore,swiggy,162
357,South Indian,Bangalore,swiggy,224
358,Lebanese,Bangalore,swiggy,194
359,Mediterranean,Bangalore,swiggy,236
360,Cafe,Bangalore,swiggy,241
361,Pan-Asian,Bangalore,swiggy,183
362,Japanese,Bangalore,swiggy,222
363,Desserts,Bangalore,swiggy,323
364,Japanese,Bangalore,swiggy,255
365,Korean,Bangalore,swiggy,168
366,Mughlai,Bangalore,swiggy,221
367,Fast Food,Bangalore,swiggy,276
368,Korean,Bangalore,swiggy,141
369,Chinese,Bangalore,swiggy,221
370,Lebanese,Bangalore,swiggy,239
371,Desserts,Bangalore,swiggy,158
372,Bakery,Bangalore,swiggy,206
373,Pan-Asian,Bangalore,swiggy,297
374,Multi-Cuisine,Bangalore,swiggy,126
375,Cafe,Bangalore,swiggy,222
376,Bakery,Bangalore,swiggy,313
377,Multi-Cuisine,Bangalore,swiggy,186
378,Multi-Cuisine,Bangalore,swiggy,177
379,Vietnamese,Bangalore,swiggy,205
380,Seafood,Bangalore,swiggy,116
381,Japanese,Bangalore,swiggy,272
382,Desserts,Bangalore,swiggy,145
383,Continental,Bangalore,swiggy,146
384,Cafe,Bangalore,swiggy,233
385,Mexican,Bangalore,swiggy,180
386,Biryani,Bangalore,swiggy,160
387,North Indian,Bangalore,swiggy,178
388,South Indian,Bangalore,swiggy,239
389,Mughlai,Bangalore,swiggy,247
390,Korean,Bangalore,swiggy,194
391,Thai,Bangalore,swiggy,233
392,Japanese,Bangalore,swiggy,215
393,Fast Food,Bangalore,swiggy,132
394,Desserts,Bangalore,swiggy,256
395,Fast Food,Bangalore,swiggy,365
396,Cafe,Bangalore,swiggy,189
397,Biryani,Bangalore,swiggy,377
398,Pan-Asian,Bangalore,swiggy,237
399,Fast Food,Bangalore,swiggy,160
400,Fast Food,Bangalore,swiggy,244
401,Bakery,Bangalore,swiggy,91
402,Chinese,Bangalore,swiggy,298
403,Vietnamese,Bangalore,swiggy,202
404,Vietnamese,Bangalore,swiggy,112
405,Seafood,Bangalore,swiggy,263
406,South Indian,Bangalore,swiggy,164
407,Vietnamese,Bangalore,swiggy,234
408,Mexican,Bangalore,swiggy,133
409,Multi-Cuisine,Bangalore,swiggy,168
410,Mughlai,Bangalore,swiggy,109
411,Pan-Asian,Bangalore,swiggy,148
412,Japanese,Bangalore,swiggy,307
413,Multi-Cuisine,Bangalore,swiggy,284
414,Vietnamese,Bangalore,swiggy,104
415,Fast Food,Bangalore,swiggy,307
416,Korean,Bangalore,swiggy,269
417,Mughlai,Bangalore,swiggy,255
418,Mediterranean,Bangalore,swiggy,205
419,Continental,Bangalore,swiggy,131
420,Biryani,Bangalore,swiggy,316
421,Mediterranean,Bangalore,swiggy,159
422,South Indian,Bangalore,swiggy,238
423,North Indian,Bangalore,swiggy,185
424,Korean,Bangalore,swiggy,193
425,Japanese,Bangalore,swiggy,166
426,Italian,Bangalore,swiggy,231
427,Pan-Asian,Bangalore,swiggy,166
428,Mughlai,Bangalore,swiggy,203
429,Korean,Bangalore,swiggy,107
430,Cafe,Bangalore,swiggy,202
431,Street Food,Bangalore,swiggy,114
432,Continental,Bangalore,swiggy,154
433,Lebanese,Bangalore,swiggy,178
434,Fast Food,Bangalore,swiggy,147
435,Mediterranean,Bangalore,swiggy,184
436,Continental,Bangalore,swiggy,122
437,Pan-Asian,Bangalore,swiggy,260
438,Mexican,Bangalore,swiggy,170
439,Japanese,Bangalore,swiggy,277
440,Street Food,Bangalore,swiggy,219
441,Biryani,Bangalore,swiggy,138
442,Seafood,Bangalore,swiggy,176
443,Fast Food,Bangalore,swiggy,261
444,South Indian,Bangalore,swiggy,131
445,South Indian,Bangalore,swiggy,214
446,Pan-Asian,Bangalore,swiggy,108
447,Pan-Asian,Bangalore,swiggy,240
448,Biryani,Bangalore,swiggy,182
449,Desserts,Bangalore,swiggy,324
450,Lebanese,Bangalore,swiggy,120
451,Fast Food,Bangalore,swiggy,264
452,Street Food,Bangalore,swiggy,248
453,Bakery,Bangalore,swiggy,131
454,Vietnamese,Bangalore,swiggy,103
455,Japanese,Bangalore,swiggy,264
456,Mediterranean,Bangalore,swiggy,173
457,Mexican,Bangalore,swiggy,308
458,Vietnamese,Bangalore,swiggy,155
459,Street Food,Bangalore,swiggy,191
460,Continental,Bangalore,swiggy,124
461,Seafood,Bangalore,swiggy,167
462,Multi-Cuisine,Bangalore,swiggy,269
463,Pan-Asian,Bangalore,swiggy,140
464,Seafood,Bangalore,swiggy,195
465,Mediterranean,Bangalore,swiggy,178
466,Vietnamese,Bangalore,swiggy,110
467,Mexican,Bangalore,swiggy,187
468,Japanese,Bangalore,swiggy,329
469,Biryani,Bangalore,swiggy,162
470,Bakery,Bangalore,swiggy,194
471,Lebanese,Bangalore,swiggy,267
472,Bakery,Bangalore,swiggy,206
473,Vietnamese,Bangalore,swiggy,176
474,Cafe,Bangalore,swiggy,405
475,Vietnamese,Bangalore,swiggy,146
476,Biryani,Bangalore,swiggy,119
477,Chinese,Bangalore,swiggy,118
478,Desserts,Bangalore,swiggy,139
479,Pan-Asian,Bangalore,swiggy,145
480,Fast Food,Bangalore,swiggy,144
481,Multi-Cuisine,Bangalore,swiggy,183
482,Street Food,Bangalore,swiggy,326
483,Biryani,Bangalore,swiggy,215
484,Mediterranean,Bangalore,swiggy,156
485,Bakery,Bangalore,swiggy,217
486,Multi-Cuisine,Bangalore,swiggy,197
487,Bakery,Bangalore,swiggy,246
488,South Indian,Bangalore,swiggy,198
489,Vietnamese,Bangalore,swiggy,222
490,Continental,Bangalore,swiggy,297
491,Street Food,Bangalore,swiggy,321
492,Bakery,Bangalore,swiggy,118
493,Mexican,Bangalore,swiggy,268
494,Japanese,Bangalore,swiggy,175
495,Continental,Bangalore,swiggy,114
496,Chinese,Bangalore,swiggy,112
497,Bakery,Bangalore,swiggy,317
498,Thai,Bangalore,swiggy,101
499,Korean,Bangalore,swiggy,185
500,Mediterranean,Delhi,swiggy,125
501,Pan-Asian,Delhi,swiggy,169
502,Seafood,Delhi,swiggy,185
503,Vietnamese,Delhi,swiggy,231
504,Lebanese,Delhi,swiggy,249
505,Thai,Delhi,swiggy,181
506,Bakery,Delhi,swiggy,120
507,Korean,Delhi,swiggy,249
508,Mexican,Delhi,swiggy,137
509,Cafe,Delhi,swiggy,133
510,Street Food,Delhi,swiggy,146
511,Thai,Delhi,swiggy,126
512,Fast Food,Delhi,swiggy,224
513,Pan-Asian,Delhi,swiggy,190
514,Street Food,Delhi,swiggy,190
515,Fast Food,Delhi,swiggy,140
516,Mughlai,Delhi,swiggy,173
517,Mughlai,Delhi,swiggy,311
518,Korean,Delhi,swiggy,147
519,Biryani,Delhi,swiggy,176
520,Thai,Delhi,swiggy,224
521,Biryani,Delhi,swiggy,269
522,Multi-Cuisine,Delhi,swiggy,163
523,Bakery,Delhi,swiggy,239
524,Italian,Delhi,swiggy,180
525,Mughlai,Delhi,swiggy,233
526,Continental,Delhi,swiggy,160
527,Lebanese,Delhi,swiggy,225
528,Cafe,Delhi,swiggy,372
529,Seafood,Delhi,swiggy,181
530,South Indian,Delhi,swiggy,150
531,Korean,Delhi,swiggy,239
532,Desserts,Delhi,swiggy,216
533,Continental,Delhi,swiggy,280
534,Seafood,Delhi,swiggy,182
535,Mexican,Delhi,swiggy,118
536,Biryani,Delhi,swiggy,118
537,Cafe,Delhi,swiggy,239
538,Bakery,Delhi,swiggy,228
539,Mediterranean,Delhi,swiggy,255
540,Lebanese,Delhi,swiggy,244
541,Vietnamese,Delhi,swiggy,210
542,Italian,Delhi,swiggy,195
543,South Indian,Delhi,swiggy,217
544,Japanese,Delhi,swiggy,243
545,Biryani,Delhi,swiggy,279
546,Vietnamese,Delhi,swiggy,108
547,Mexican,Delhi,swiggy,143
548,Mediterranean,Delhi,swiggy,154
549,Mediterranean,Delhi,swiggy,283
550,Chinese,Delhi,swiggy,153
551,Mediterranean,Delhi,swiggy,97
552,Pan-Asian,Delhi,swiggy,266
553,Thai,Delhi,swiggy,187
554,Thai,Delhi,swiggy,99
555,Continental,Delhi,swiggy,170
556,Vietnamese,Delhi,swiggy,196
557,Desserts,Delhi,swiggy,120
558,Italian,Delhi,swiggy,178
559,Street Food,Delhi,swiggy,289
560,Seafood,Delhi,swiggy,273
561,Continental,Delhi,swiggy,303
562,Mediterranean,Delhi,swiggy,204
563,South Indian,Delhi,swiggy,272
564,Biryani,Delhi,swiggy,346
565,Mediterranean,Delhi,swiggy,91
566,Lebanese,Delhi,swiggy,153
567,Cafe,Delhi,swiggy,264
568,Mughlai,Delhi,swiggy,228
569,Mexican,Delhi,swiggy,233
570,Cafe,Delhi,swiggy,117
571,Italian,Delhi,swiggy,300
572,North Indian,Delhi,swiggy,122
573,Korean,Delhi,swiggy,164
574,Thai,Delhi,swiggy,125
575,Fast Food,Delhi,swiggy,168
576,Japanese,Delhi,swiggy,300
577,Thai,Delhi,swiggy,126
578,Cafe,Delhi,swiggy,195
579,Continental,Delhi,swiggy,185
580,North Indian,Delhi,swiggy,340
581,Desserts,Delhi,swiggy,428
582,Italian,Delhi,swiggy,153
583,Fast Food,Delhi,swiggy,221
584,Seafood,Delhi,swiggy,173
585,Vietnamese,Delhi,swiggy,379
586,Desserts,Delhi,swiggy,99
587,Seafood,Delhi,swiggy,156
588,Seafood,Delhi,swiggy,189
589,Cafe,Delhi,swiggy,146
590,Street Food,Delhi,swiggy,175
591,Chinese,Delhi,swiggy,138
592,Mughlai,Delhi,swiggy,145
593,Continental,Delhi,swiggy,148
594,Lebanese,Delhi,swiggy,210
595,Thai,Delhi,swiggy,216
596,Mediterranean,Delhi,swiggy,256
597,South Indian,Delhi,swiggy,143
598,Bakery,Delhi,swiggy,304
599,Bakery,Delhi,swiggy,166
600,North Indian,Delhi,swiggy,393
601,North Indian,Delhi,swiggy,346
602,Seafood,Delhi,swiggy,256
603,Lebanese,Delhi,swiggy,329
604,Cafe,Delhi,swiggy,123
605,Mughlai,Delhi,swiggy,131
606,Continental,Delhi,swiggy,241
607,Chinese,Delhi,swiggy,217
608,Cafe,Delhi,swiggy,143
609,Vietnamese,Delhi,swiggy,249
610,Continental,Delhi,swiggy,217
611,Biryani,Delhi,swiggy,233
612,Vietnamese,Delhi,swiggy,129
613,Bakery,Delhi,swiggy,141
614,Biryani,Delhi,swiggy,176
615,Korean,Delhi,swiggy,208
616,Mughlai,Delhi,swiggy,181
617,Bakery,Delhi,swiggy,163
618,Desserts,Delhi,swiggy,183
619,Seafood,Delhi,swiggy,366
620,Lebanese,Delhi,swiggy,103
621,Italian,Delhi,swiggy,335
622,Japanese,Delhi,swiggy,298
623,Japanese,Delhi,swiggy,182
624,Italian,Delhi,swiggy,170
625,Seafood,Delhi,swiggy,168
626,Korean,Delhi,swiggy,186
627,Vietnamese,Delhi,swiggy,225
628,Japanese,Delhi,swiggy,161
629,Biryani,Delhi,swiggy,289
630,Multi-Cuisine,Delhi,swiggy,193
631,Pan-Asian,Delhi,swiggy,178
632,North Indian,Delhi,swiggy,234
633,Seafood,Delhi,swiggy,162
634,Mediterranean,Delhi,swiggy,134
635,Chinese,Delhi,swiggy,221
636,Continental,Delhi,swiggy,235
637,Chinese,Delhi,swiggy,181
638,Italian,Delhi,swiggy,121
639,Continental,Delhi,swiggy,141
640,Multi-Cuisine,Delhi,swiggy,95
641,Cafe,Delhi,swiggy,216
642,Street Food,Delhi,swiggy,250
643,Seafood,Delhi,swiggy,210
644,Desserts,Delhi,swiggy,290
645,Seafood,Delhi,swiggy,141
646,Vietnamese,Delhi,swiggy,106
647,Lebanese,Delhi,swiggy,157
648,Japanese,Delhi,swiggy,236
649,Biryani,Delhi,swiggy,264
650,Italian,Delhi,swiggy,149
651,Street Food,Delhi,swiggy,253
652,South Indian,Delhi,swiggy,202
653,Continental,Delhi,swiggy,178
654,Vietnamese,Delhi,swiggy,132
655,Lebanese,Delhi,swiggy,319
656,Chinese,Delhi,swiggy,177
657,Italian,Delhi,swiggy,121
658,Biryani,Delhi,swiggy,109
659,Mughlai,Delhi,swiggy,125
660,Street Food,Delhi,swiggy,99
661,Mughlai,Delhi,swiggy,157
662,Biryani,Delhi,swiggy,186
663,Japanese,Delhi,swiggy,248
664,Desserts,Delhi,swiggy,144
665,Desserts,Delhi,swiggy,243
666,Lebanese,Delhi,swiggy,301
667,Continental,Delhi,swiggy,203
668,Korean,Delhi,swiggy,208
669,Continental,Delhi,swiggy,107
670,Mexican,Delhi,swiggy,234
671,Thai,Delhi,swiggy,99
672,Continental,Delhi,swiggy,190
673,Street Food,Delhi,swiggy,139
674,Street Food,Delhi,swiggy,247
675,Street Food,Delhi,swiggy,210
676,North Indian,Delhi,swiggy,302
677,Mediterranean,Delhi,swiggy,193
678,Bakery,Delhi,swiggy,302
679,Street Food,Delhi,swiggy,178
680,Lebanese,Delhi,swiggy,112
681,North Indian,Delhi,swiggy,241
682,Bakery,Delhi,swiggy,247
683,South Indian,Delhi,swiggy,267
684,Thai,Delhi,swiggy,165
685,Chinese,Delhi,swiggy,304
686,Biryani,Delhi,swiggy,200
687,Pan-Asian,Delhi,swiggy,111
688,Pan-Asian,Delhi,swiggy,173
689,Thai,Delhi,swiggy,161
690,Mexican,Delhi,swiggy,84
691,Bakery,Delhi,swiggy,254
692,Cafe,Delhi,swiggy,188
693,Mexican,Delhi,swiggy,189
694,North Indian,Delhi,swiggy,172
695,Cafe,Delhi,swiggy,200
696,Biryani,Delhi,swiggy,144
697,Pan-Asian,Delhi,swiggy,304
698,North Indian,Delhi,swiggy,363
699,Mediterranean,Delhi,swiggy,214
700,Japanese,Delhi,swiggy,175
701,Biryani,Delhi,swiggy,272
702,Fast Food,Delhi,swiggy,161
703,Bakery,Delhi,swiggy,181
704,Italian,Delhi,swiggy,195
705,Thai,Delhi,swiggy,179
706,Street Food,Delhi,swiggy,149
707,Bakery,Delhi,swiggy,163
708,Biryani,Delhi,swiggy,177
709,Street Food,Delhi,swiggy,158
710,Lebanese,Delhi,swiggy,162
711,Seafood,Delhi,swiggy,366
712,Pan-Asian,Delhi,swiggy,168
713,North Indian,Delhi,swiggy,165
714,South Indian,Pune,swiggy,211
715,Bakery,Pune,swiggy,200
716,Biryani,Pune,swiggy,179
717,Biryani,Pune,swiggy,195
718,Biryani,Pune,swiggy,261
719,Italian,Pune,swiggy,125
720,Italian,Pune,swiggy,239
721,Biryani,Pune,swiggy,167
722,Continental,Pune,swiggy,120
723,Street Food,Pune,swiggy,140
724,Multi-Cuisine,Pune,swiggy,212
725,Desserts,Pune,swiggy,225
726,Mediterranean,Pune,swiggy,277
727,Korean,Pune,swiggy,160
728,Pan-Asian,Pune,swiggy,136
729,Cafe,Pune,swiggy,272
730,Desserts,Pune,swiggy,166
731,Mediterranean,Pune,swiggy,167
732,Seafood,Pune,swiggy,83
733,Street Food,Pune,swiggy,119
734,Biryani,Pune,swiggy,328
735,Mediterranean,Pune,swiggy,181
736,Korean,Pune,swiggy,159
737,Continental,Pune,swiggy,118
738,Mughlai,Pune,swiggy,171
739,Mughlai,Pune,swiggy,203
740,North Indian,Pune,swiggy,180
741,Japanese,Pune,swiggy,198
742,Cafe,Pune,swiggy,97
743,Thai,Pune,swiggy,176
744,Chinese,Pune,swiggy,218
745,Continental,Pune,swiggy,306
746,Street Food,Pune,swiggy,205
747,Chinese,Pune,swiggy,185
748,Street Food,Pune,swiggy,201
749,Desserts,Pune,swiggy,316
750,Lebanese,Pune,swiggy,305
751,Fast Food,Pune,swiggy,118
752,Fast Food,Pune,swiggy,237
753,Street Food,Pune,swiggy,115
754,Biryani,Pune,swiggy,198
755,Multi-Cuisine,Pune,swiggy,276
756,Korean,Pune,swiggy,180
757,Mughlai,Pune,swiggy,141
758,Bakery,Pune,swiggy,204
759,Mexican,Pune,swiggy,138
760,Street Food,Pune,swiggy,277
761,Thai,Pune,swiggy,129
762,North Indian,Pune,swiggy,113
763,Japanese,Pune,swiggy,106
764,Mediterranean,Pune,swiggy,319
765,Seafood,Pune,swiggy,271
766,Desserts,Pune,swiggy,243
767,Multi-Cuisine,Pune,swiggy,300
768,Thai,Pune,swiggy,215
769,Lebanese,Pune,swiggy,328
770,Desserts,Pune,swiggy,221
771,Lebanese,Pune,swiggy,223
772,Cafe,Pune,swiggy,251
773,Biryani,Pune,swiggy,155
774,Thai,Pune,swiggy,149
775,Bakery,Pune,swiggy,248
776,Mediterranean,Pune,swiggy,122
777,Korean,Pune,swiggy,155
778,Biryani,Pune,swiggy,129
779,Multi-Cuisine,Pune,swiggy,185
780,Mediterranean,Pune,swiggy,83
781,Cafe,Pune,swiggy,272
782,Fast Food,Pune,swiggy,211
783,Mughlai,Pune,swiggy,96
784,North Indian,Pune,swiggy,259
785,Pan-Asian,Pune,swiggy,143
786,Multi-Cuisine,Pune,swiggy,272
787,Bakery,Pune,swiggy,137
788,Fast Food,Pune,swiggy,161
789,Italian,Pune,swiggy,83
790,North Indian,Pune,swiggy,173
791,Mediterranean,Pune,swiggy,99
792,Fast Food,Pune,swiggy,170
793,Lebanese,Pune,swiggy,140
794,Multi-Cuisine,Pune,swiggy,161
795,Street Food,Pune,swiggy,118
796,Mexican,Pune,swiggy,96
797,Bakery,Pune,swiggy,315
798,Japanese,Pune,swiggy,195
799,Korean,Pune,swiggy,169
800,Multi-Cuisine,Pune,swiggy,205
801,Mughlai,Pune,swiggy,120
802,Multi-Cuisine,Pune,swiggy,130
803,Mexican,Pune,swiggy,325
804,Mexican,Pune,swiggy,279
805,Cafe,Pune,swiggy,189
806,Cafe,Pune,swiggy,140
807,Mediterranean,Pune,swiggy,266
808,Continental,Pune,swiggy,142
809,Desserts,Pune,swiggy,331
810,Chinese,Pune,swiggy,181
811,Italian,Pune,swiggy,242
812,Vietnamese,Pune,swiggy,332
813,Chinese,Pune,swiggy,108
814,Cafe,Pune,swiggy,320
815,Italian,Pune,swiggy,152
816,North Indian,Pune,swiggy,145
817,Seafood,Pune,swiggy,162
818,Mexican,Pune,swiggy,214
819,Fast Food,Pune,swiggy,125
820,South Indian,Pune,swiggy,82
821,Street Food,Pune,swiggy,228
822,Biryani,Pune,swiggy,180
823,Street Food,Pune,swiggy,130
824,Lebanese,Pune,swiggy,101
825,North Indian,Pune,swiggy,256
826,Cafe,Pune,swiggy,269
827,Japanese,Pune,swiggy,202
828,Biryani,Pune,swiggy,195
829,North Indian,Pune,swiggy,149
830,Cafe,Pune,swiggy,275
831,South Indian,Pune,swiggy,209
832,Mexican,Pune,swiggy,125
833,Cafe,Pune,swiggy,137
834,Multi-Cuisine,Pune,swiggy,155
835,Lebanese,Pune,swiggy,171
836,Mediterranean,Pune,swiggy,205
837,Street Food,Pune,swiggy,187
838,Bakery,Pune,swiggy,200
839,Seafood,Pune,swiggy,127
840,Lebanese,Pune,swiggy,167
841,Fast Food,Pune,swiggy,294
842,Japanese,Pune,swiggy,119
843,North Indian,Pune,swiggy,217
844,Korean,Pune,swiggy,220
845,Fast Food,Pune,swiggy,284
846,Continental,Pune,swiggy,349
847,Pan-Asian,Pune,swiggy,204
848,Mexican,Pune,swiggy,141
849,Thai,Pune,swiggy,247
850,Bakery,Pune,swiggy,235
851,Cafe,Pune,swiggy,173
852,Multi-Cuisine,Pune,swiggy,246
853,Pan-Asian,Pune,swiggy,191
854,North Indian,Pune,swiggy,94
855,Cafe,Pune,swiggy,274
856,Japanese,Pune,swiggy,352
857,Mughlai,Pune,swiggy,193
858,Bakery,Pune,swiggy,231
859,Pan-Asian,Pune,swiggy,106
860,Korean,Pune,swiggy,220
861,Continental,Pune,swiggy,101
862,Cafe,Pune,swiggy,329
863,Italian,Pune,swiggy,190
864,Chinese,Pune,swiggy,226
865,Bakery,Pune,swiggy,220
866,Continental,Pune,swiggy,241
867,Mughlai,Pune,swiggy,181
868,Continental,Pune,swiggy,175
869,Japanese,Pune,swiggy,167
870,Mughlai,Pune,swiggy,90
871,Mexican,Pune,swiggy,346
872,Vietnamese,Pune,swiggy,283
873,Seafood,Pune,swiggy,241
874,Korean,Pune,swiggy,135
875,North Indian,Pune,swiggy,240
876,Korean,Pune,swiggy,159
877,Continental,Pune,swiggy,207
878,Italian,Pune,swiggy,217
879,South Indian,Pune,swiggy,282
880,South Indian,Hyderabad,swiggy,201
881,Korean,Hyderabad,swiggy,146
882,Thai,Hyderabad,swiggy,240
883,Mexican,Hyderabad,swiggy,247
884,Desserts,Hyderabad,swiggy,315
885,North Indian,Hyderabad,swiggy,129
886,Vietnamese,Hyderabad,swiggy,235
887,South Indian,Hyderabad,swiggy,270
888,Mughlai,Hyderabad,swiggy,158
889,Chinese,Hyderabad,swiggy,198
890,Bakery,Hyderabad,swiggy,182
891,Mediterranean,Hyderabad,swiggy,202
892,Lebanese,Hyderabad,swiggy,138
893,Mediterranean,Hyderabad,swiggy,288
894,Mediterranean,Hyderabad,swiggy,314
895,Desserts,Hyderabad,swiggy,206
896,North Indian,Hyderabad,swiggy,157
897,South Indian,Hyderabad,swiggy,101
898,Biryani,Hyderabad,swiggy,180
899,Mexican,Hyderabad,swiggy,269
900,Street Food,Hyderabad,swiggy,124
901,North Indian,Hyderabad,swiggy,162
902,Street Food,Hyderabad,swiggy,97
903,South Indian,Hyderabad,swiggy,277
904,Italian,Hyderabad,swiggy,213
905,Continental,Hyderabad,swiggy,325
906,Chinese,Hyderabad,swiggy,284
907,South Indian,Hyderabad,swiggy,217
908,Lebanese,Hyderabad,swiggy,140
909,Multi-Cuisine,Hyderabad,swiggy,297
910,Bakery,Hyderabad,swiggy,121
911,Biryani,Hyderabad,swiggy,190
912,Biryani,Hyderabad,swiggy,271
913,Korean,Hyderabad,swiggy,229
914,Seafood,Hyderabad,swiggy,354
915,Bakery,Hyderabad,swiggy,155
916,Korean,Hyderabad,swiggy,328
917,Mughlai,Hyderabad,swiggy,250
918,Vietnamese,Hyderabad,swiggy,299
919,Biryani,Hyderabad,swiggy,271
920,Desserts,Hyderabad,swiggy,121
921,Thai,Hyderabad,swiggy,282
922,Cafe,Hyderabad,swiggy,173
923,Mexican,Hyderabad,swiggy,233
924,Korean,Hyderabad,swiggy,161
925,Vietnamese,Hyderabad,swiggy,182
926,Lebanese,Hyderabad,swiggy,212
927,Fast Food,Hyderabad,swiggy,276
928,Desserts,Hyderabad,swiggy,284
929,Korean,Hyderabad,swiggy,190
930,South Indian,Hyderabad,swiggy,116
931,Seafood,Hyderabad,swiggy,173
932,Chinese,Hyderabad,swiggy,209
933,Seafood,Hyderabad,swiggy,252
934,Italian,Hyderabad,swiggy,275
935,Multi-Cuisine,Hyderabad,swiggy,287
936,Desserts,Hyderabad,swiggy,250
937,Italian,Hyderabad,swiggy,157
938,Chinese,Hyderabad,swiggy,201
939,Korean,Hyderabad,swiggy,151
940,Biryani,Hyderabad,swiggy,286
941,Mexican,Hyderabad,swiggy,205
942,Multi-Cuisine,Hyderabad,swiggy,251
943,Street Food,Hyderabad,swiggy,200
944,Desserts,Hyderabad,swiggy,131
945,Desserts,Hyderabad,swiggy,259
946,Bakery,Hyderabad,swiggy,202
947,Korean,Hyderabad,swiggy,168
948,South Indian,Hyderabad,swiggy,179
949,Thai,Hyderabad,swiggy,233
950,Biryani,Hyderabad,swiggy,168
951,North Indian,Hyderabad,swiggy,117
952,Chinese,Hyderabad,swiggy,407
953,Mediterranean,Hyderabad,swiggy,309
954,Lebanese,Hyderabad,swiggy,225
955,Desserts,Hyderabad,swiggy,128
956,Pan-Asian,Hyderabad,swiggy,247
957,Desserts,Hyderabad,swiggy,170
958,Desserts,Hyderabad,swiggy,144
959,Vietnamese,Hyderabad,swiggy,108
960,Fast Food,Hyderabad,swiggy,107
961,Mexican,Hyderabad,swiggy,228
962,Mediterranean,Hyderabad,swiggy,135
963,Desserts,Hyderabad,swiggy,282
964,Mediterranean,Hyderabad,swiggy,122
965,Vietnamese,Hyderabad,swiggy,170
966,Korean,Hyderabad,swiggy,217
967,Korean,Hyderabad,swiggy,186
968,Mexican,Hyderabad,swiggy,156
969,Desserts,Hyderabad,swiggy,230
970,Street Food,Hyderabad,swiggy,166
971,North Indian,Hyderabad,swiggy,143
972,Chinese,Hyderabad,swiggy,278
973,Japanese,Hyderabad,swiggy,240
974,Japanese,Hyderabad,swiggy,224
975,South Indian,Hyderabad,swiggy,157
976,Lebanese,Hyderabad,swiggy,213
977,Biryani,Hyderabad,swiggy,186
978,Bakery,Hyderabad,swiggy,218
979,Mughlai,Hyderabad,swiggy,176
980,Fast Food,Hyderabad,swiggy,170
981,Mughlai,Hyderabad,swiggy,220
982,South Indian,Hyderabad,swiggy,169
983,Fast Food,Hyderabad,swiggy,271
984,Biryani,Hyderabad,swiggy,258
985,Mediterranean,Hyderabad,swiggy,204
986,Continental,Hyderabad,swiggy,410
987,Desserts,Hyderabad,swiggy,173
988,Mexican,Hyderabad,swiggy,156
989,Vietnamese,Hyderabad,swiggy,168
990,Cafe,Hyderabad,swiggy,147
991,Desserts,Hyderabad,swiggy,140
992,North Indian,Hyderabad,swiggy,271
993,North Indian,Hyderabad,swiggy,150
994,North Indian,Hyderabad,swiggy,209
995,Bakery,Hyderabad,swiggy,159
996,Street Food,Hyderabad,swiggy,309
997,Mexican,Hyderabad,swiggy,239
998,Japanese,Hyderabad,swiggy,385
999,Bakery,Hyderabad,swiggy,127
1000,Chinese,Hyderabad,swiggy,184
1001,Desserts,Hyderabad,swiggy,199
1002,Cafe,Hyderabad,swiggy,239
1003,Italian,Hyderabad,swiggy,145
1004,Mexican,Hyderabad,swiggy,254
1005,Mughlai,Hyderabad,swiggy,210
1006,Korean,Hyderabad,swiggy,250
1007,Thai,Hyderabad,swiggy,104
1008,Seafood,Hyderabad,swiggy,130
1009,South Indian,Hyderabad,swiggy,229
1010,Italian,Hyderabad,swiggy,167
1011,Bakery,Hyderabad,swiggy,114
1012,Street Food,Hyderabad,swiggy,185
1013,Chinese,Hyderabad,swiggy,164
1014,Thai,Hyderabad,swiggy,292
1015,Street Food,Hyderabad,swiggy,173
1016,Chinese,Chennai,swiggy,254
1017,Seafood,Chennai,swiggy,218
1018,Korean,Chennai,swiggy,370
1019,Seafood,Chennai,swiggy,167
1020,Continental,Chennai,swiggy,111
1021,Mexican,Chennai,swiggy,84
1022,Desserts,Chennai,swiggy,358
1023,Seafood,Chennai,swiggy,291
1024,Mughlai,Chennai,swiggy,322
1025,Street Food,Chennai,swiggy,274
1026,Korean,Chennai,swiggy,150
1027,Cafe,Chennai,swiggy,230
1028,Bakery,Chennai,swiggy,210
1029,Italian,Chennai,swiggy,179
1030,Italian,Chennai,swiggy,168
1031,Continental,Chennai,swiggy,115
1032,Italian,Chennai,swiggy,177
1033,Desserts,Chennai,swiggy,197
1034,Pan-Asian,Chennai,swiggy,206
1035,Mexican,Chennai,swiggy,136
1036,Street Food,Chennai,swiggy,152
1037,Pan-Asian,Chennai,swiggy,129
1038,Bakery,Chennai,swiggy,306
1039,Japanese,Chennai,swiggy,139
1040,Biryani,Chennai,swiggy,184
1041,Cafe,Chennai,swiggy,235
1042,Biryani,Chennai,swiggy,161
1043,Lebanese,Chennai,swiggy,161
1044,South Indian,Chennai,swiggy,197
1045,Thai,Chennai,swiggy,190
1046,Lebanese,Chennai,swiggy,141
1047,Mexican,Chennai,swiggy,200
1048,Chinese,Chennai,swiggy,168
1049,Continental,Chennai,swiggy,239
1050,Biryani,Chennai,swiggy,180
1051,Mediterranean,Chennai,swiggy,213
1052,Japanese,Chennai,swiggy,223
1053,Bakery,Chennai,swiggy,207
1054,Seafood,Chennai,swiggy,153
1055,Italian,Chennai,swiggy,97
1056,Vietnamese,Chennai,swiggy,207
1057,Seafood,Chennai,swiggy,255
1058,Pan-Asian,Chennai,swiggy,241
1059,Multi-Cuisine,Chennai,swiggy,200
1060,Italian,Chennai,swiggy,225
1061,Biryani,Chennai,swiggy,236
1062,Bakery,Chennai,swiggy,248
1063,Continental,Chennai,swiggy,186
1064,Desserts,Chennai,swiggy,292
1065,Street Food,Chennai,swiggy,156
1066,Multi-Cuisine,Chennai,swiggy,274
1067,Fast Food,Chennai,swiggy,218
1068,South Indian,Chennai,swiggy,318
1069,North Indian,Chennai,swiggy,135
1070,Fast Food,Chennai,swiggy,265
1071,North Indian,Chennai,swiggy,147
1072,Thai,Chennai,swiggy,239
1073,Pan-Asian,Chennai,swiggy,110
1074,Street Food,Chennai,swiggy,309
1075,Vietnamese,Chennai,swiggy,179
1076,Biryani,Chennai,swiggy,199
1077,Fast Food,Chennai,swiggy,125
1078,Cafe,Chennai,swiggy,204
1079,Mughlai,Chennai,swiggy,122
1080,Pan-Asian,Chennai,swiggy,255
1081,Seafood,Chennai,swiggy,378
1082,South Indian,Chennai,swiggy,250
1083,Mughlai,Chennai,swiggy,195
1084,Korean,Chennai,swiggy,208
1085,Pan-Asian,Chennai,swiggy,121
1086,North Indian,Chennai,swiggy,215
1087,Italian,Chennai,swiggy,189
1088,Bakery,Chennai,swiggy,251
1089,Chinese,Chennai,swiggy,337
1090,Thai,Chennai,swiggy,146
1091,Street Food,Chennai,swiggy,193
1092,Lebanese,Chennai,swiggy,122
1093,Bakery,Chennai,swiggy,250
1094,Italian,Chennai,swiggy,245
1095,Japanese,Chennai,swiggy,134
1096,South Indian,Chennai,swiggy,260
1097,Korean,Chennai,swiggy,217
1098,South Indian,Chennai,swiggy,154
1099,Vietnamese,Chennai,swiggy,287
1100,Pan-Asian,Chennai,swiggy,228
1101,Vietnamese,Chennai,swiggy,88
1102,Thai,Chennai,swiggy,123
1103,Desserts,Chennai,swiggy,345
1104,Chinese,Chennai,swiggy,224
1105,Seafood,Chennai,swiggy,198
1106,Biryani,Chennai,swiggy,109
1107,Mexican,Chennai,swiggy,332
1108,Street Food,Chennai,swiggy,251
1109,Chinese,Chennai,swiggy,217
1110,Italian,Chennai,swiggy,362
1111,Thai,Chennai,swiggy,258
1112,Mughlai,Chennai,swiggy,148
1113,Mexican,Chennai,swiggy,138
1114,Street Food,Chennai,swiggy,109
1115,Chinese,Chennai,swiggy,214
1116,Continental,Chennai,swiggy,289
1117,Seafood,Chennai,swiggy,111
1118,Seafood,Chennai,swiggy,201
1119,Vietnamese,Chennai,swiggy,236
1120,Italian,Chennai,swiggy,175
1121,Lebanese,Chennai,swiggy,145
1122,Italian,Chennai,swiggy,189
1123,Cafe,Chennai,swiggy,169
1124,Chinese,Chennai,swiggy,310
1125,Fast Food,Chennai,swiggy,283
1126,Biryani,Chennai,swiggy,146
1127,Lebanese,Chennai,swiggy,315
1128,Fast Food,Chennai,swiggy,207
1129,Cafe,Chennai,swiggy,210
1130,Mughlai,Chennai,swiggy,330
1131,Bakery,Chennai,swiggy,88
1132,Seafood,Chennai,swiggy,140
1133,Continental,Chennai,swiggy,154
1134,Mediterranean,Chennai,swiggy,175
1135,Thai,Chennai,swiggy,258
1136,Mediterranean,Chennai,swiggy,116
1137,Lebanese,Kolkata,swiggy,155
1138,Korean,Kolkata,swiggy,200
1139,Japanese,Kolkata,swiggy,327
1140,Mexican,Kolkata,swiggy,129
1141,Street Food,Kolkata,swiggy,108
1142,Fast Food,Kolkata,swiggy,237
1143,Multi-Cuisine,Kolkata,swiggy,116
1144,North Indian,Kolkata,swiggy,129
1145,Pan-Asian,Kolkata,swiggy,134
1146,Street Food,Kolkata,swiggy,123
1147,Cafe,Kolkata,swiggy,187
1148,Japanese,Kolkata,swiggy,159
1149,Thai,Kolkata,swiggy,200
1150,Mexican,Kolkata,swiggy,240
1151,Mediterranean,Kolkata,swiggy,239
1152,Cafe,Kolkata,swiggy,209
1153,Multi-Cuisine,Kolkata,swiggy,148
1154,Italian,Kolkata,swiggy,171
1155,Mughlai,Kolkata,swiggy,211
1156,Mediterranean,Kolkata,swiggy,153
1157,Mediterranean,Kolkata,swiggy,163
1158,Cafe,Kolkata,swiggy,106
1159,Street Food,Kolkata,swiggy,361
1160,Seafood,Kolkata,swiggy,276
1161,Street Food,Kolkata,swiggy,127
1162,Street Food,Kolkata,swiggy,136
1163,Pan-Asian,Kolkata,swiggy,134
1164,Mediterranean,Kolkata,swiggy,151
1165,Seafood,Kolkata,swiggy,221
1166,Bakery,Kolkata,swiggy,265
1167,Desserts,Kolkata,swiggy,118
1168,North Indian,Kolkata,swiggy,149
1169,Italian,Kolkata,swiggy,98
1170,Fast Food,Kolkata,swiggy,98
1171,Bakery,Kolkata,swiggy,221
1172,Multi-Cuisine,Kolkata,swiggy,90
1173,Continental,Kolkata,swiggy,134
1174,Street Food,Kolkata,swiggy,239
1175,Mediterranean,Kolkata,swiggy,124
1176,Seafood,Kolkata,swiggy,226
1177,Italian,Kolkata,swiggy,97
1178,Street Food,Kolkata,swiggy,367
1179,Mediterranean,Kolkata,swiggy,326
1180,Mediterranean,Kolkata,swiggy,129
1181,Bakery,Kolkata,swiggy,197
1182,Street Food,Kolkata,swiggy,210
1183,Mughlai,Kolkata,swiggy,268
1184,Desserts,Kolkata,swiggy,266
1185,South Indian,Kolkata,swiggy,224
1186,Desserts,Kolkata,swiggy,160
1187,Mexican,Kolkata,swiggy,182
1188,Mughlai,Kolkata,swiggy,186
1189,Desserts,Kolkata,swiggy,260
1190,Cafe,Kolkata,swiggy,162
1191,Seafood,Kolkata,swiggy,121
1192,Multi-Cuisine,Kolkata,swiggy,125
1193,Cafe,Kolkata,swiggy,226
1194,Mediterranean,Kolkata,swiggy,105
1195,Lebanese,Kolkata,swiggy,268
1196,Bakery,Kolkata,swiggy,228
1197,Seafood,Kolkata,swiggy,126
1198,Mediterranean,Kolkata,swiggy,178
1199,Vietnamese,Kolkata,swiggy,151
1200,Mediterranean,Kolkata,swiggy,178
1201,Mediterranean,Kolkata,swiggy,280
1202,Chinese,Kolkata,swiggy,230
1203,Korean,Kolkata,swiggy,133
1204,Chinese,Kolkata,swiggy,282
1205,Lebanese,Kolkata,swiggy,99
1206,Korean,Kolkata,swiggy,240
1207,Mexican,Kolkata,swiggy,186
1208,Bakery,Kolkata,swiggy,216
1209,Japanese,Kolkata,swiggy,124
1210,Cafe,Kolkata,swiggy,166
1211,Biryani,Kolkata,swiggy,172
1212,Multi-Cuisine,Kolkata,swiggy,92
1213,North Indian,Kolkata,swiggy,223
1214,Fast Food,Kolkata,swiggy,215
1215,Bakery,Kolkata,swiggy,193
1216,Lebanese,Kolkata,swiggy,314
1217,Street Food,Kolkata,swiggy,188
1218,Chinese,Kolkata,swiggy,258
1219,Japanese,Kolkata,swiggy,157
1220,Mexican,Kolkata,swiggy,210
1221,Biryani,Kolkata,swiggy,254
1222,Bakery,Kolkata,swiggy,126
1223,Fast Food,Kolkata,swiggy,298
1224,Mughlai,Kolkata,swiggy,112
1225,Pan-Asian,Kolkata,swiggy,223
1226,Mexican,Kolkata,swiggy,193
1227,Multi-Cuisine,Kolkata,swiggy,126
1228,Chinese,Kolkata,swiggy,212
1229,Fast Food,Kolkata,swiggy,127
1230,Korean,Kolkata,swiggy,95
1231,Vietnamese,Kolkata,swiggy,130
1232,Lebanese,Ahmedabad,swiggy,162
1233,Japanese,Ahmedabad,swiggy,111
1234,Biryani,Ahmedabad,swiggy,294
1235,North Indian,Ahmedabad,swiggy,252
1236,Bakery,Ahmedabad,swiggy,344
1237,Desserts,Ahmedabad,swiggy,249
1238,North Indian,Ahmedabad,swiggy,169
1239,Fast Food,Ahmedabad,swiggy,211
1240,Lebanese,Ahmedabad,swiggy,137
1241,Pan-Asian,Ahmedabad,swiggy,187
1242,Vietnamese,Ahmedabad,swiggy,191
1243,Pan-Asian,Ahmedabad,swiggy,235
1244,Fast Food,Ahmedabad,swiggy,137
1245,South Indian,Ahmedabad,swiggy,120
1246,Mediterranean,Ahmedabad,swiggy,221
1247,Mughlai,Ahmedabad,swiggy,200
1248,Seafood,Ahmedabad,swiggy,122
1249,Korean,Ahmedabad,swiggy,236
1250,Biryani,Ahmedabad,swiggy,204
1251,Street Food,Ahmedabad,swiggy,109
1252,Lebanese,Ahmedabad,swiggy,170
1253,Mexican,Ahmedabad,swiggy,271
1254,Korean,Ahmedabad,swiggy,255
1255,Street Food,Ahmedabad,swiggy,218
1256,Mediterranean,Ahmedabad,swiggy,249
1257,North Indian,Ahmedabad,swiggy,289
1258,Korean,Ahmedabad,swiggy,93
1259,South Indian,Ahmedabad,swiggy,284
1260,Seafood,Ahmedabad,swiggy,126
1261,Continental,Ahmedabad,swiggy,127
1262,Italian,Ahmedabad,swiggy,191
1263,Mediterranean,Ahmedabad,swiggy,182
1264,Fast Food,Ahmedabad,swiggy,238
1265,Cafe,Ahmedabad,swiggy,178
1266,Street Food,Ahmedabad,swiggy,152
1267,Mughlai,Ahmedabad,swiggy,123
1268,Japanese,Ahmedabad,swiggy,184
1269,Mediterranean,Ahmedabad,swiggy,100
1270,Cafe,Ahmedabad,swiggy,214
1271,Mediterranean,Ahmedabad,swiggy,105
1272,Japanese,Ahmedabad,swiggy,177
1273,Mediterranean,Ahmedabad,swiggy,334
1274,Lebanese,Ahmedabad,swiggy,179
1275,Chinese,Ahmedabad,swiggy,161
1276,Mughlai,Ahmedabad,swiggy,322
1277,Italian,Ahmedabad,swiggy,233
1278,Street Food,Ahmedabad,swiggy,129
1279,Japanese,Ahmedabad,swiggy,147
1280,Korean,Ahmedabad,swiggy,260
1281,Korean,Ahmedabad,swiggy,158
1282,South Indian,Ahmedabad,swiggy,198
1283,Chinese,Ahmedabad,swiggy,212
1284,Biryani,Ahmedabad,swiggy,95
1285,Bakery,Ahmedabad,swiggy,321
1286,Vietnamese,Ahmedabad,swiggy,154
1287,Vietnamese,Ahmedabad,swiggy,156
1288,Bakery,Ahmedabad,swiggy,146
1289,South Indian,Ahmedabad,swiggy,223
1290,Thai,Ahmedabad,swiggy,112
1291,Desserts,Ahmedabad,swiggy,124
1292,Biryani,Ahmedabad,swiggy,328
1293,Fast Food,Ahmedabad,swiggy,274
1294,South Indian,Ahmedabad,swiggy,152
1295,Mughlai,Ahmedabad,swiggy,155
1296,Vietnamese,Ahmedabad,swiggy,203
1297,South Indian,Ahmedabad,swiggy,195
1298,Desserts,Ahmedabad,swiggy,177
1299,Mexican,Ahmedabad,swiggy,128
1300,Multi-Cuisine,Ahmedabad,swiggy,186
1301,Italian,Ahmedabad,swiggy,158
1302,North Indian,Ahmedabad,swiggy,145
1303,Chinese,Ahmedabad,swiggy,98
1304,Mexican,Ahmedabad,swiggy,129
1305,Pan-Asian,Ahmedabad,swiggy,160
1306,Fast Food,Ahmedabad,swiggy,193
1307,Cafe,Ahmedabad,swiggy,296
1308,Italian,Ahmedabad,swiggy,252
1309,Mexican,Ahmedabad,swiggy,150
1310,South Indian,Ahmedabad,swiggy,360
1311,Mexican,Ahmedabad,swiggy,144
1312,Multi-Cuisine,Ahmedabad,swiggy,126
1313,Korean,Ahmedabad,swiggy,169
1314,Seafood,Ahmedabad,swiggy,219
1315,Seafood,Ahmedabad,swiggy,163
1316,South Indian,Ahmedabad,swiggy,207
1317,Continental,Ahmedabad,swiggy,211
1318,Mediterranean,Ahmedabad,swiggy,170
1319,Street Food,Ahmedabad,swiggy,143
1320,Mexican,Ahmedabad,swiggy,226
1321,Korean,Ahmedabad,swiggy,168
1322,Italian,Ahmedabad,swiggy,194
1323,Bakery,Ahmedabad,swiggy,411
1324,Biryani,Ahmedabad,swiggy,150
1325,Biryani,Ahmedabad,swiggy,90
1326,Korean,Ahmedabad,swiggy,98
1327,Biryani,Ahmedabad,swiggy,146
1328,Biryani,Ahmedabad,swiggy,183
1329,Chinese,Ahmedabad,swiggy,247
1330,Chinese,Ahmedabad,swiggy,248
1331,Bakery,Jaipur,swiggy,277
1332,Chinese,Jaipur,swiggy,128
1333,Biryani,Jaipur,swiggy,252
1334,Desserts,Jaipur,swiggy,159
1335,Thai,Jaipur,swiggy,131
1336,Continental,Jaipur,swiggy,248
1337,Biryani,Jaipur,swiggy,153
1338,Desserts,Jaipur,swiggy,140
1339,Continental,Jaipur,swiggy,120
1340,Thai,Jaipur,swiggy,178
1341,Continental,Jaipur,swiggy,214
1342,Continental,Jaipur,swiggy,149
1343,Cafe,Jaipur,swiggy,171
1344,Chinese,Jaipur,swiggy,178
1345,Multi-Cuisine,Jaipur,swiggy,142
1346,Thai,Jaipur,swiggy,230
1347,Mexican,Jaipur,swiggy,183
1348,Korean,Jaipur,swiggy,140
1349,Biryani,Jaipur,swiggy,320
1350,Multi-Cuisine,Jaipur,swiggy,170
1351,Italian,Jaipur,swiggy,107
1352,Desserts,Jaipur,swiggy,217
1353,Seafood,Jaipur,swiggy,200
1354,Korean,Jaipur,swiggy,150
1355,Street Food,Jaipur,swiggy,281
1356,North Indian,Jaipur,swiggy,155
1357,Multi-Cuisine,Jaipur,swiggy,207
1358,North Indian,Jaipur,swiggy,209
1359,Mughlai,Jaipur,swiggy,100
1360,Korean,Jaipur,swiggy,135
1361,Bakery,Jaipur,swiggy,217
1362,Chinese,Jaipur,swiggy,137
1363,Multi-Cuisine,Jaipur,swiggy,190
1364,Cafe,Jaipur,swiggy,138
1365,North Indian,Jaipur,swiggy,214
1366,Thai,Jaipur,swiggy,230
1367,Bakery,Jaipur,swiggy,136
1368,Seafood,Jaipur,swiggy,350
1369,Desserts,Jaipur,swiggy,262
1370,Fast Food,Jaipur,swiggy,193
1371,South Indian,Jaipur,swiggy,159
1372,Mediterranean,Jaipur,swiggy,247
1373,Cafe,Jaipur,swiggy,292
1374,Fast Food,Jaipur,swiggy,280
1375,Mediterranean,Jaipur,swiggy,134
1376,Thai,Jaipur,swiggy,103
1377,Mediterranean,Jaipur,swiggy,143
1378,Multi-Cuisine,Jaipur,swiggy,202
1379,Fast Food,Jaipur,swiggy,161
1380,Lebanese,Jaipur,swiggy,259
1381,Thai,Jaipur,swiggy,181
1382,Desserts,Jaipur,swiggy,186
1383,Pan-Asian,Jaipur,swiggy,218
1384,Japanese,Jaipur,swiggy,201
1385,Seafood,Jaipur,swiggy,127
1386,Thai,Jaipur,swiggy,170
1387,Italian,Jaipur,swiggy,241
1388,Seafood,Jaipur,swiggy,173
1389,Seafood,Jaipur,swiggy,245
1390,Seafood,Jaipur,swiggy,173
1391,South Indian,Jaipur,swiggy,190
1392,Mediterranean,Jaipur,swiggy,280
1393,Fast Food,Jaipur,swiggy,188
1394,Biryani,Jaipur,swiggy,307
1395,Fast Food,Jaipur,swiggy,155
1396,South Indian,Jaipur,swiggy,97
1397,Mexican,Jaipur,swiggy,276
1398,South Indian,Jaipur,swiggy,142
1399,Mughlai,Jaipur,swiggy,104
1400,South Indian,Jaipur,swiggy,251
1401,Street Food,Jaipur,swiggy,140
1402,Street Food,Jaipur,swiggy,327
1403,Korean,Jaipur,swiggy,152
1404,Pan-Asian,Jaipur,swiggy,365
1405,Japanese,Jaipur,swiggy,154
1406,Thai,Jaipur,swiggy,176
1407,Street Food,Jaipur,swiggy,198
1408,Desserts,Lucknow,swiggy,201
1409,South Indian,Lucknow,swiggy,176
1410,Korean,Lucknow,swiggy,93
1411,Desserts,Lucknow,swiggy,129
1412,South Indian,Lucknow,swiggy,170
1413,Mediterranean,Lucknow,swiggy,146
1414,Pan-Asian,Lucknow,swiggy,208
1415,Mexican,Lucknow,swiggy,274
1416,Cafe,Lucknow,swiggy,326
1417,Japanese,Lucknow,swiggy,366
1418,Lebanese,Lucknow,swiggy,150
1419,Fast Food,Lucknow,swiggy,290
1420,North Indian,Lucknow,swiggy,143
1421,Lebanese,Lucknow,swiggy,119
1422,Vietnamese,Lucknow,swiggy,120
1423,Vietnamese,Lucknow,swiggy,326
1424,Korean,Lucknow,swiggy,365
1425,South Indian,Lucknow,swiggy,181
1426,Mediterranean,Lucknow,swiggy,125
1427,Bakery,Lucknow,swiggy,344
1428,Bakery,Lucknow,swiggy,196
1429,Japanese,Lucknow,swiggy,233
1430,Mexican,Lucknow,swiggy,169
1431,Italian,Lucknow,swiggy,118
1432,Chinese,Lucknow,swiggy,335
1433,Biryani,Lucknow,swiggy,107
1434,Thai,Lucknow,swiggy,197
1435,Mexican,Lucknow,swiggy,134
1436,South Indian,Lucknow,swiggy,138
1437,Pan-Asian,Lucknow,swiggy,212
1438,Chinese,Lucknow,swiggy,107
1439,Italian,Lucknow,swiggy,121
1440,North Indian,Lucknow,swiggy,207
1441,Multi-Cuisine,Lucknow,swiggy,348
1442,North Indian,Lucknow,swiggy,275
1443,Fast Food,Lucknow,swiggy,254
1444,Fast Food,Lucknow,swiggy,392
1445,Mexican,Lucknow,swiggy,165
1446,Mexican,Lucknow,swiggy,134
1447,South Indian,Lucknow,swiggy,281
1448,Mughlai,Lucknow,swiggy,154
1449,South Indian,Lucknow,swiggy,116
1450,Multi-Cuisine,Lucknow,swiggy,155
1451,Mughlai,Lucknow,swiggy,82
1452,Bakery,Lucknow,swiggy,123
1453,Mexican,Lucknow,swiggy,105
1454,Seafood,Lucknow,swiggy,128
1455,Biryani,Lucknow,swiggy,149
1456,Chinese,Lucknow,swiggy,146
1457,Fast Food,Lucknow,swiggy,375
1458,Chinese,Lucknow,swiggy,326
1459,Continental,Lucknow,swiggy,326
1460,North Indian,Lucknow,swiggy,170
1461,Pan-Asian,Lucknow,swiggy,124
1462,Multi-Cuisine,Lucknow,swiggy,76
1463,Chinese,Lucknow,swiggy,208
1464,Italian,Mumbai,zomato,124
1465,Mughlai,Mumbai,zomato,226
1466,Mediterranean,Mumbai,zomato,122
1467,Desserts,Mumbai,zomato,318
1468,Mexican,Mumbai,zomato,177
1469,Thai,Mumbai,zomato,286
1470,Mexican,Mumbai,zomato,258
1471,Chinese,Mumbai,zomato,220
1472,Cafe,Mumbai,zomato,125
1473,Multi-Cuisine,Mumbai,zomato,119
1474,Pan-Asian,Mumbai,zomato,387
1475,Seafood,Mumbai,zomato,218
1476,Japanese,Mumbai,zomato,195
1477,Mexican,Mumbai,zomato,196
1478,Multi-Cuisine,Mumbai,zomato,184
1479,Japanese,Mumbai,zomato,290
1480,Continental,Mumbai,zomato,160
1481,Lebanese,Mumbai,zomato,215
1482,North Indian,Mumbai,zomato,141
1483,Thai,Mumbai,zomato,372
1484,Japanese,Mumbai,zomato,279
1485,North Indian,Mumbai,zomato,146
1486,Pan-Asian,Mumbai,zomato,201
1487,Lebanese,Mumbai,zomato,203
1488,Pan-Asian,Mumbai,zomato,180
1489,Mexican,Mumbai,zomato,217
1490,South Indian,Mumbai,zomato,193
1491,Lebanese,Mumbai,zomato,142
1492,Lebanese,Mumbai,zomato,142
1493,Multi-Cuisine,Mumbai,zomato,181
1494,Korean,Mumbai,zomato,111
1495,Continental,Mumbai,zomato,127
1496,Japanese,Mumbai,zomato,113
1497,Bakery,Mumbai,zomato,230
1498,Mughlai,Mumbai,zomato,200
1499,Bakery,Mumbai,zomato,188
1500,Korean,Mumbai,zomato,128
1501,Seafood,Mumbai,zomato,276
1502,Chinese,Mumbai,zomato,157
1503,Street Food,Mumbai,zomato,345
1504,Biryani,Mumbai,zomato,187
1505,Pan-Asian,Mumbai,zomato,277
1506,Lebanese,Mumbai,zomato,169
1507,Continental,Mumbai,zomato,121
1508,Italian,Mumbai,zomato,167
1509,Mediterranean,Mumbai,zomato,161
1510,Mediterranean,Mumbai,zomato,198
1511,Bakery,Mumbai,zomato,161
1512,Biryani,Mumbai,zomato,191
1513,Seafood,Mumbai,zomato,186
1514,Fast Food,Mumbai,zomato,115
1515,Street Food,Mumbai,zomato,226
1516,Mediterranean,Mumbai,zomato,104
1517,Fast Food,Mumbai,zomato,304
1518,South Indian,Mumbai,zomato,175
1519,Korean,Mumbai,zomato,192
1520,Street Food,Mumbai,zomato,400
1521,Cafe,Mumbai,zomato,133
1522,Cafe,Mumbai,zomato,185
1523,Thai,Mumbai,zomato,248
1524,Continental,Mumbai,zomato,362
1525,Pan-Asian,Mumbai,zomato,174
1526,Thai,Mumbai,zomato,179
1527,Vietnamese,Mumbai,zomato,198
1528,Chinese,Mumbai,zomato,194
1529,South Indian,Mumbai,zomato,137
1530,Seafood,Mumbai,zomato,205
1531,South Indian,Mumbai,zomato,373
1532,Street Food,Mumbai,zomato,231
1533,Bakery,Mumbai,zomato,214
1534,Mediterranean,Mumbai,zomato,294
1535,Pan-Asian,Mumbai,zomato,203
1536,Bakery,Mumbai,zomato,115
1537,Cafe,Mumbai,zomato,134
1538,Cafe,Mumbai,zomato,271
1539,South Indian,Mumbai,zomato,112
1540,Biryani,Mumbai,zomato,98
1541,Mughlai,Mumbai,zomato,261
1542,Mughlai,Mumbai,zomato,176
1543,Mediterranean,Mumbai,zomato,144
1544,Street Food,Mumbai,zomato,300
1545,Bakery,Mumbai,zomato,143
1546,Mughlai,Mumbai,zomato,186
1547,Italian,Mumbai,zomato,244
1548,Chinese,Mumbai,zomato,144
1549,Vietnamese,Mumbai,zomato,135
1550,Pan-Asian,Mumbai,zomato,267
1551,Japanese,Mumbai,zomato,334
1552,Street Food,Mumbai,zomato,196
1553,Continental,Mumbai,zomato,137
1554,Continental,Mumbai,zomato,111
1555,Mediterranean,Mumbai,zomato,204
1556,Thai,Mumbai,zomato,179
1557,Japanese,Mumbai,zomato,274
1558,South Indian,Mumbai,zomato,162
1559,Fast Food,Mumbai,zomato,219
1560,Pan-Asian,Mumbai,zomato,297
1561,Street Food,Mumbai,zomato,206
1562,Korean,Mumbai,zomato,102
1563,Lebanese,Mumbai,zomato,226
1564,Seafood,Mumbai,zomato,266
1565,Cafe,Mumbai,zomato,357
1566,Mexican,Mumbai,zomato,187
1567,Continental,Mumbai,zomato,157
1568,Cafe,Mumbai,zomato,250
1569,Fast Food,Mumbai,zomato,266
1570,Mexican,Mumbai,zomato,261
1571,Multi-Cuisine,Mumbai,zomato,237
1572,Multi-Cuisine,Mumbai,zomato,288
1573,Chinese,Mumbai,zomato,177
1574,Desserts,Mumbai,zomato,184
1575,Continental,Mumbai,zomato,138
1576,Chinese,Mumbai,zomato,254
1577,Italian,Mumbai,zomato,180
1578,Cafe,Mumbai,zomato,114
1579,Street Food,Mumbai,zomato,180
1580,Chinese,Mumbai,zomato,240
1581,Korean,Mumbai,zomato,169
1582,Seafood,Mumbai,zomato,266
1583,Lebanese,Mumbai,zomato,174
1584,Desserts,Mumbai,zomato,197
1585,Biryani,Mumbai,zomato,233
1586,Mediterranean,Mumbai,zomato,308
1587,Korean,Mumbai,zomato,113
1588,Continental,Mumbai,zomato,173
1589,South Indian,Mumbai,zomato,274
1590,Korean,Mumbai,zomato,119
1591,Continental,Mumbai,zomato,199
1592,Desserts,Mumbai,zomato,281
1593,Vietnamese,Mumbai,zomato,147
1594,Continental,Mumbai,zomato,209
1595,Bakery,Mumbai,zomato,231
1596,Biryani,Mumbai,zomato,93
1597,Multi-Cuisine,Mumbai,zomato,205
1598,Bakery,Mumbai,zomato,196
1599,Desserts,Mumbai,zomato,297
1600,Korean,Mumbai,zomato,269
1601,North Indian,Mumbai,zomato,223
1602,Biryani,Mumbai,zomato,140
1603,Seafood,Mumbai,zomato,207
1604,Continental,Mumbai,zomato,178
1605,Multi-Cuisine,Mumbai,zomato,255
1606,North Indian,Mumbai,zomato,308
1607,Mexican,Mumbai,zomato,223
1608,Japanese,Mumbai,zomato,231
1609,Seafood,Mumbai,zomato,144
1610,Multi-Cuisine,Mumbai,zomato,223
1611,Street Food,Mumbai,zomato,230
1612,Cafe,Mumbai,zomato,193
1613,Korean,Mumbai,zomato,120
1614,Seafood,Mumbai,zomato,198
1615,Thai,Mumbai,zomato,240
1616,South Indian,Mumbai,zomato,321
1617,Korean,Mumbai,zomato,361
1618,Italian,Mumbai,zomato,163
1619,Thai,Mumbai,zomato,149
1620,Korean,Mumbai,zomato,245
1621,Mughlai,Mumbai,zomato,202
1622,Korean,Mumbai,zomato,277
1623,North Indian,Mumbai,zomato,390
1624,Lebanese,Mumbai,zomato,135
1625,South Indian,Mumbai,zomato,317
1626,Seafood,Mumbai,zomato,220
1627,Bakery,Mumbai,zomato,212
1628,Thai,Mumbai,zomato,272
1629,Chinese,Mumbai,zomato,239
1630,Pan-Asian,Mumbai,zomato,194
1631,Cafe,Mumbai,zomato,279
1632,Cafe,Mumbai,zomato,256
1633,Japanese,Mumbai,zomato,248
1634,Street Food,Mumbai,zomato,305
1635,Lebanese,Mumbai,zomato,279
1636,Mediterranean,Mumbai,zomato,194
1637,Street Food,Mumbai,zomato,248
1638,Mediterranean,Mumbai,zomato,184
1639,Multi-Cuisine,Mumbai,zomato,191
1640,Lebanese,Mumbai,zomato,242
1641,Multi-Cuisine,Mumbai,zomato,139
1642,Mediterranean,Mumbai,zomato,266
1643,Multi-Cuisine,Mumbai,zomato,214
1644,Chinese,Mumbai,zomato,229
1645,Biryani,Mumbai,zomato,216
1646,Biryani,Mumbai,zomato,410
1647,Street Food,Mumbai,zomato,132
1648,Continental,Mumbai,zomato,98
1649,Korean,Mumbai,zomato,158
1650,Japanese,Mumbai,zomato,125
1651,Mughlai,Mumbai,zomato,181
1652,Street Food,Mumbai,zomato,359
1653,Japanese,Mumbai,zomato,199
1654,Mediterranean,Mumbai,zomato,256
1655,Desserts,Mumbai,zomato,195
1656,North Indian,Mumbai,zomato,338
1657,Seafood,Mumbai,zomato,230
1658,Italian,Mumbai,zomato,109
1659,South Indian,Mumbai,zomato,190
1660,Japanese,Mumbai,zomato,148
1661,Mexican,Mumbai,zomato,154
1662,Lebanese,Mumbai,zomato,219
1663,Multi-Cuisine,Mumbai,zomato,84
1664,Desserts,Mumbai,zomato,155
1665,Continental,Mumbai,zomato,331
1666,Lebanese,Mumbai,zomato,153
1667,Biryani,Mumbai,zomato,181
1668,Cafe,Mumbai,zomato,285
1669,Cafe,Mumbai,zomato,188
1670,North Indian,Mumbai,zomato,263
1671,North Indian,Mumbai,zomato,109
1672,North Indian,Mumbai,zomato,285
1673,Lebanese,Mumbai,zomato,116
1674,Mediterranean,Mumbai,zomato,324
1675,Italian,Mumbai,zomato,128
1676,Fast Food,Mumbai,zomato,271
1677,Lebanese,Mumbai,zomato,181
1678,Cafe,Mumbai,zomato,285
1679,Italian,Mumbai,zomato,118
1680,Seafood,Mumbai,zomato,236
1681,Vietnamese,Mumbai,zomato,275
1682,Italian,Mumbai,zomato,162
1683,Multi-Cuisine,Mumbai,zomato,338
1684,Street Food,Mumbai,zomato,400
1685,Korean,Mumbai,zomato,95
1686,Biryani,Mumbai,zomato,134
1687,Italian,Mumbai,zomato,132
1688,Bakery,Mumbai,zomato,218
1689,South Indian,Mumbai,zomato,202
1690,Pan-Asian,Mumbai,zomato,99
1691,Biryani,Mumbai,zomato,259
1692,Japanese,Mumbai,zomato,253
1693,Bakery,Mumbai,zomato,241
1694,North Indian,Mumbai,zomato,381
1695,Biryani,Mumbai,zomato,194
1696,Pan-Asian,Mumbai,zomato,206
1697,Pan-Asian,Mumbai,zomato,245
1698,Korean,Mumbai,zomato,117
1699,Pan-Asian,Mumbai,zomato,145
1700,Thai,Mumbai,zomato,170
1701,Desserts,Mumbai,zomato,179
1702,Japanese,Mumbai,zomato,211
1703,Lebanese,Mumbai,zomato,257
1704,Chinese,Mumbai,zomato,374
1705,Multi-Cuisine,Mumbai,zomato,255
1706,Pan-Asian,Mumbai,zomato,96
1707,Bakery,Mumbai,zomato,192
1708,Fast Food,Mumbai,zomato,268
1709,Italian,Mumbai,zomato,139
1710,Mughlai,Mumbai,zomato,83
1711,Mediterranean,Mumbai,zomato,281
1712,Multi-Cuisine,Mumbai,zomato,175
1713,Thai,Mumbai,zomato,134
1714,Korean,Mumbai,zomato,260
1715,Italian,Mumbai,zomato,120
1716,North Indian,Mumbai,zomato,277
1717,Street Food,Mumbai,zomato,257
1718,Mughlai,Mumbai,zomato,181
1719,Thai,Mumbai,zomato,113
1720,Biryani,Mumbai,zomato,220
1721,North Indian,Mumbai,zomato,223
1722,Multi-Cuisine,Mumbai,zomato,141
1723,Thai,Bangalore,zomato,150
1724,Korean,Bangalore,zomato,151
1725,Mediterranean,Bangalore,zomato,176
1726,Desserts,Bangalore,zomato,292
1727,Korean,Bangalore,zomato,269
1728,Italian,Bangalore,zomato,323
1729,Thai,Bangalore,zomato,241
1730,Korean,Bangalore,zomato,240
1731,Multi-Cuisine,Bangalore,zomato,234
1732,Fast Food,Bangalore,zomato,168
1733,Biryani,Bangalore,zomato,152
1734,Korean,Bangalore,zomato,167
1735,Bakery,Bangalore,zomato,139
1736,Japanese,Bangalore,zomato,212
1737,Continental,Bangalore,zomato,301
1738,Street Food,Bangalore,zomato,167
1739,Korean,Bangalore,zomato,251
1740,Biryani,Bangalore,zomato,182
1741,South Indian,Bangalore,zomato,140
1742,Vietnamese,Bangalore,zomato,97
1743,Chinese,Bangalore,zomato,220
1744,Mughlai,Bangalore,zomato,331
1745,Mexican,Bangalore,zomato,107
1746,Lebanese,Bangalore,zomato,417
1747,Biryani,Bangalore,zomato,277
1748,Italian,Bangalore,zomato,105
1749,Mughlai,Bangalore,zomato,229
1750,Continental,Bangalore,zomato,336
1751,Fast Food,Bangalore,zomato,277
1752,Mediterranean,Bangalore,zomato,118
1753,Biryani,Bangalore,zomato,165
1754,Bakery,Bangalore,zomato,335
1755,Multi-Cuisine,Bangalore,zomato,327
1756,Italian,Bangalore,zomato,323
1757,North Indian,Bangalore,zomato,209
1758,Mughlai,Bangalore,zomato,129
1759,Mughlai,Bangalore,zomato,100
1760,Mexican,Bangalore,zomato,178
1761,Desserts,Bangalore,zomato,107
1762,Italian,Bangalore,zomato,194
1763,North Indian,Bangalore,zomato,330
1764,Seafood,Bangalore,zomato,229
1765,Thai,Bangalore,zomato,120
1766,Multi-Cuisine,Bangalore,zomato,213
1767,Biryani,Bangalore,zomato,223
1768,Street Food,Bangalore,zomato,333
1769,Bakery,Bangalore,zomato,290
1770,Pan-Asian,Bangalore,zomato,243
1771,Continental,Bangalore,zomato,292
1772,Street Food,Bangalore,zomato,274
1773,Thai,Bangalore,zomato,246
1774,Mexican,Bangalore,zomato,314
1775,Seafood,Bangalore,zomato,110
1776,Mediterranean,Bangalore,zomato,231
1777,North Indian,Bangalore,zomato,249
1778,North Indian,Bangalore,zomato,308
1779,Mughlai,Bangalore,zomato,231
1780,Mughlai,Bangalore,zomato,217
1781,Korean,Bangalore,zomato,170
1782,Bakery,Bangalore,zomato,121
1783,Continental,Bangalore,zomato,183
1784,Mexican,Bangalore,zomato,188
1785,North Indian,Bangalore,zomato,225
1786,Mughlai,Bangalore,zomato,109
1787,Multi-Cuisine,Bangalore,zomato,136
1788,Mexican,Bangalore,zomato,169
1789,Mughlai,Bangalore,zomato,162
1790,Multi-Cuisine,Bangalore,zomato,290
1791,Italian,Bangalore,zomato,127
1792,Chinese,Bangalore,zomato,254
1793,Mexican,Bangalore,zomato,216
1794,Mediterranean,Bangalore,zomato,162
1795,Cafe,Bangalore,zomato,163
1796,Korean,Bangalore,zomato,243
1797,Korean,Bangalore,zomato,155
1798,Thai,Bangalore,zomato,301
1799,Street Food,Bangalore,zomato,229
1800,Biryani,Bangalore,zomato,211
1801,South Indian,Bangalore,zomato,172
1802,Mediterranean,Bangalore,zomato,141
1803,Thai,Bangalore,zomato,184
1804,Multi-Cuisine,Bangalore,zomato,170
1805,Mughlai,Bangalore,zomato,103
1806,Lebanese,Bangalore,zomato,150
1807,Fast Food,Bangalore,zomato,219
1808,Biryani,Bangalore,zomato,307
1809,Italian,Bangalore,zomato,194
1810,Seafood,Bangalore,zomato,121
1811,Continental,Bangalore,zomato,284
1812,Pan-Asian,Bangalore,zomato,88
1813,Chinese,Bangalore,zomato,200
1814,Lebanese,Bangalore,zomato,149
1815,Italian,Bangalore,zomato,241
1816,Japanese,Bangalore,zomato,229
1817,Pan-Asian,Bangalore,zomato,221
1818,Seafood,Bangalore,zomato,192
1819,Japanese,Bangalore,zomato,228
1820,Mughlai,Bangalore,zomato,167
1821,South Indian,Bangalore,zomato,255
1822,Lebanese,Bangalore,zomato,220
1823,Mediterranean,Bangalore,zomato,231
1824,Cafe,Bangalore,zomato,274
1825,Pan-Asian,Bangalore,zomato,179
1826,Japanese,Bangalore,zomato,222
1827,Desserts,Bangalore,zomato,257
1828,Japanese,Bangalore,zomato,267
1829,Korean,Bangalore,zomato,160
1830,Mughlai,Bangalore,zomato,215
1831,Fast Food,Bangalore,zomato,252
1832,Korean,Bangalore,zomato,198
1833,Chinese,Bangalore,zomato,253
1834,Lebanese,Bangalore,zomato,205
1835,Desserts,Bangalore,zomato,170
1836,Bakery,Bangalore,zomato,254
1837,Pan-Asian,Bangalore,zomato,304
1838,Multi-Cuisine,Bangalore,zomato,142
1839,Cafe,Bangalore,zomato,233
1840,Bakery,Bangalore,zomato,287
1841,Multi-Cuisine,Bangalore,zomato,153
1842,Multi-Cuisine,Bangalore,zomato,197
1843,Vietnamese,Bangalore,zomato,205
1844,Seafood,Bangalore,zomato,129
1845,Japanese,Bangalore,zomato,253
1846,Desserts,Bangalore,zomato,176
1847,Continental,Bangalore,zomato,164
1848,Cafe,Bangalore,zomato,233
1849,Mexican,Bangalore,zomato,180
1850,Biryani,Bangalore,zomato,144
1851,North Indian,Bangalore,zomato,173
1852,South Indian,Bangalore,zomato,265
1853,Mughlai,Bangalore,zomato,259
1854,Korean,Bangalore,zomato,169
1855,Thai,Bangalore,zomato,298
1856,Japanese,Bangalore,zomato,200
1857,Fast Food,Bangalore,zomato,153
1858,Desserts,Bangalore,zomato,225
1859,Fast Food,Bangalore,zomato,365
1860,Cafe,Bangalore,zomato,184
1861,Biryani,Bangalore,zomato,295
1862,Pan-Asian,Bangalore,zomato,243
1863,Fast Food,Bangalore,zomato,141
1864,Fast Food,Bangalore,zomato,281
1865,Bakery,Bangalore,zomato,119
1866,Chinese,Bangalore,zomato,321
1867,Vietnamese,Bangalore,zomato,211
1868,Vietnamese,Bangalore,zomato,118
1869,Seafood,Bangalore,zomato,226
1870,South Indian,Bangalore,zomato,169
1871,Vietnamese,Bangalore,zomato,218
1872,Mexican,Bangalore,zomato,154
1873,Multi-Cuisine,Bangalore,zomato,186
1874,Mughlai,Bangalore,zomato,94
1875,Pan-Asian,Bangalore,zomato,141
1876,Japanese,Bangalore,zomato,323
1877,Multi-Cuisine,Bangalore,zomato,284
1878,Vietnamese,Bangalore,zomato,85
1879,Fast Food,Bangalore,zomato,291
1880,Korean,Bangalore,zomato,242
1881,Mughlai,Bangalore,zomato,218
1882,Mediterranean,Bangalore,zomato,168
1883,Continental,Bangalore,zomato,143
1884,Biryani,Bangalore,zomato,325
1885,Mediterranean,Bangalore,zomato,176
1886,South Indian,Bangalore,zomato,257
1887,North Indian,Bangalore,zomato,185
1888,Korean,Bangalore,zomato,179
1889,Japanese,Bangalore,zomato,176
1890,Italian,Bangalore,zomato,256
1891,Pan-Asian,Bangalore,zomato,162
1892,Mughlai,Bangalore,zomato,185
1893,Korean,Bangalore,zomato,102
1894,Cafe,Bangalore,zomato,255
1895,Street Food,Bangalore,zomato,107
1896,Continental,Bangalore,zomato,172
1897,Lebanese,Bangalore,zomato,262
1898,Fast Food,Bangalore,zomato,119
1899,Mediterranean,Bangalore,zomato,150
1900,Continental,Bangalore,zomato,137
1901,Pan-Asian,Bangalore,zomato,241
1902,Mexican,Bangalore,zomato,170
1903,Japanese,Bangalore,zomato,245
1904,Street Food,Bangalore,zomato,214
1905,Biryani,Bangalore,zomato,152
1906,Seafood,Bangalore,zomato,189
1907,Fast Food,Bangalore,zomato,315
1908,South Indian,Bangalore,zomato,131
1909,South Indian,Bangalore,zomato,230
1910,Pan-Asian,Bangalore,zomato,105
1911,Pan-Asian,Bangalore,zomato,247
1912,Biryani,Bangalore,zomato,216
1913,Desserts,Bangalore,zomato,277
1914,Lebanese,Bangalore,zomato,120
1915,Fast Food,Bangalore,zomato,210
1916,Street Food,Bangalore,zomato,197
1917,Bakery,Bangalore,zomato,150
1918,Vietnamese,Bangalore,zomato,114
1919,Japanese,Bangalore,zomato,244
1920,Mediterranean,Bangalore,zomato,205
1921,Mexican,Bangalore,zomato,253
1922,Vietnamese,Bangalore,zomato,180
1923,Street Food,Bangalore,zomato,181
1924,Continental,Bangalore,zomato,141
1925,Seafood,Bangalore,zomato,148
1926,Multi-Cuisine,Bangalore,zomato,255
1927,Pan-Asian,Bangalore,zomato,155
1928,Seafood,Bangalore,zomato,206
1929,Mediterranean,Bangalore,zomato,229
1930,Vietnamese,Bangalore,zomato,120
1931,Mexican,Bangalore,zomato,227
1932,Japanese,Bangalore,zomato,329
1933,Biryani,Bangalore,zomato,151
1934,Bakery,Bangalore,zomato,219
1935,Lebanese,Bangalore,zomato,216
1936,Bakery,Bangalore,zomato,227
1937,Vietnamese,Bangalore,zomato,176
1938,Cafe,Bangalore,zomato,370
1939,Vietnamese,Bangalore,zomato,159
1940,Biryani,Bangalore,zomato,110
1941,Chinese,Bangalore,zomato,109
1942,Desserts,Bangalore,zomato,156
1943,Pan-Asian,Bangalore,zomato,163
1944,Fast Food,Bangalore,zomato,147
1945,Multi-Cuisine,Bangalore,zomato,183
1946,Street Food,Bangalore,zomato,289
1947,Biryani,Bangalore,zomato,195
1948,Mediterranean,Bangalore,zomato,161
1949,Bakery,Bangalore,zomato,247
1950,Multi-Cuisine,Bangalore,zomato,252
1951,Bakery,Bangalore,zomato,190
1952,South Indian,Bangalore,zomato,222
1953,Vietnamese,Bangalore,zomato,277
1954,Continental,Bangalore,zomato,297
1955,Street Food,Bangalore,zomato,347
1956,Bakery,Bangalore,zomato,159
1957,Mexican,Bangalore,zomato,234
1958,Japanese,Bangalore,zomato,163
1959,Continental,Bangalore,zomato,98
1960,Chinese,Bangalore,zomato,132
1961,Bakery,Bangalore,zomato,260
1962,Thai,Bangalore,zomato,116
1963,Korean,Bangalore,zomato,205
1964,Mediterranean,Delhi,zomato,109
1965,Pan-Asian,Delhi,zomato,156
1966,Seafood,Delhi,zomato,171
1967,Vietnamese,Delhi,zomato,178
1968,Lebanese,Delhi,zomato,268
1969,Thai,Delhi,zomato,176
1970,Bakery,Delhi,zomato,106
1971,Korean,Delhi,zomato,230
1972,Mexican,Delhi,zomato,137
1973,Cafe,Delhi,zomato,120
1974,Street Food,Delhi,zomato,175
1975,Thai,Delhi,zomato,155
1976,Fast Food,Delhi,zomato,187
1977,Pan-Asian,Delhi,zomato,190
1978,Street Food,Delhi,zomato,180
1979,Fast Food,Delhi,zomato,144
1980,Mughlai,Delhi,zomato,205
1981,Mughlai,Delhi,zomato,271
1982,Korean,Delhi,zomato,160
1983,Biryani,Delhi,zomato,216
1984,Thai,Delhi,zomato,171
1985,Biryani,Delhi,zomato,226
1986,Multi-Cuisine,Delhi,zomato,168
1987,Bakery,Delhi,zomato,264
1988,Italian,Delhi,zomato,189
1989,Mughlai,Delhi,zomato,296
1990,Continental,Delhi,zomato,142
1991,Lebanese,Delhi,zomato,171
1992,Cafe,Delhi,zomato,355
1993,Seafood,Delhi,zomato,212
1994,South Indian,Delhi,zomato,153
1995,Korean,Delhi,zomato,208
1996,Desserts,Delhi,zomato,283
1997,Continental,Delhi,zomato,210
1998,Seafood,Delhi,zomato,197
1999,Mexican,Delhi,zomato,111
2000,Biryani,Delhi,zomato,98
2001,Cafe,Delhi,zomato,219
2002,Bakery,Delhi,zomato,251
2003,Mediterranean,Delhi,zomato,262
2004,Lebanese,Delhi,zomato,184
2005,Vietnamese,Delhi,zomato,185
2006,Italian,Delhi,zomato,178
2007,South Indian,Delhi,zomato,155
2008,Japanese,Delhi,zomato,278
2009,Biryani,Delhi,zomato,301
2010,Vietnamese,Delhi,zomato,108
2011,Mexican,Delhi,zomato,155
2012,Mediterranean,Delhi,zomato,177
2013,Mediterranean,Delhi,zomato,297
2014,Chinese,Delhi,zomato,149
2015,Mediterranean,Delhi,zomato,99
2016,Pan-Asian,Delhi,zomato,323
2017,Thai,Delhi,zomato,236
2018,Thai,Delhi,zomato,87
2019,Continental,Delhi,zomato,183
2020,Vietnamese,Delhi,zomato,170
2021,Desserts,Delhi,zomato,132
2022,Italian,Delhi,zomato,173
2023,Street Food,Delhi,zomato,297
2024,Seafood,Delhi,zomato,229
2025,Continental,Delhi,zomato,255
2026,Mediterranean,Delhi,zomato,178
2027,South Indian,Delhi,zomato,245
2028,Biryani,Delhi,zomato,313
2029,Mediterranean,Delhi,zomato,102
2030,Lebanese,Delhi,zomato,165
2031,Cafe,Delhi,zomato,208
2032,Mughlai,Delhi,zomato,260
2033,Mexican,Delhi,zomato,264
2034,Cafe,Delhi,zomato,186
2035,Italian,Delhi,zomato,376
2036,North Indian,Delhi,zomato,110
2037,Korean,Delhi,zomato,149
2038,Thai,Delhi,zomato,142
2039,Fast Food,Delhi,zomato,187
2040,Japanese,Delhi,zomato,361
2041,Thai,Delhi,zomato,115
2042,Cafe,Delhi,zomato,214
2043,Continental,Delhi,zomato,141
2044,North Indian,Delhi,zomato,309
2045,Desserts,Delhi,zomato,384
2046,Italian,Delhi,zomato,150
2047,Fast Food,Delhi,zomato,251
2048,Seafood,Delhi,zomato,156
2049,Vietnamese,Delhi,zomato,312
2050,Desserts,Delhi,zomato,110
2051,Seafood,Delhi,zomato,159
2052,Seafood,Delhi,zomato,160
2053,Cafe,Delhi,zomato,132
2054,Street Food,Delhi,zomato,189
2055,Chinese,Delhi,zomato,160
2056,Mughlai,Delhi,zomato,161
2057,Continental,Delhi,zomato,132
2058,Lebanese,Delhi,zomato,232
2059,Thai,Delhi,zomato,230
2060,Mediterranean,Delhi,zomato,200
2061,South Indian,Delhi,zomato,133
2062,Bakery,Delhi,zomato,277
2063,Bakery,Delhi,zomato,192
2064,North Indian,Delhi,zomato,375
2065,North Indian,Delhi,zomato,286
2066,Seafood,Delhi,zomato,272
2067,Lebanese,Delhi,zomato,285
2068,Cafe,Delhi,zomato,155
2069,Mughlai,Delhi,zomato,147
2070,Continental,Delhi,zomato,269
2071,Chinese,Delhi,zomato,202
2072,Cafe,Delhi,zomato,130
2073,Vietnamese,Delhi,zomato,231
2074,Continental,Delhi,zomato,217
2075,Biryani,Delhi,zomato,202
2076,Vietnamese,Delhi,zomato,149
2077,Bakery,Delhi,zomato,138
2078,Biryani,Delhi,zomato,137
2079,Korean,Delhi,zomato,244
2080,Mughlai,Delhi,zomato,176
2081,Bakery,Delhi,zomato,195
2082,Desserts,Delhi,zomato,193
2083,Seafood,Delhi,zomato,366
2084,Lebanese,Delhi,zomato,109
2085,Italian,Delhi,zomato,319
2086,Japanese,Delhi,zomato,322
2087,Japanese,Delhi,zomato,254
2088,Italian,Delhi,zomato,162
2089,Seafood,Delhi,zomato,142
2090,Korean,Delhi,zomato,172
2091,Vietnamese,Delhi,zomato,204
2092,Japanese,Delhi,zomato,214
2093,Biryani,Delhi,zomato,326
2094,Multi-Cuisine,Delhi,zomato,197
2095,Pan-Asian,Delhi,zomato,134
2096,North Indian,Delhi,zomato,265
2097,Seafood,Delhi,zomato,167
2098,Mediterranean,Delhi,zomato,178
2099,Chinese,Delhi,zomato,226
2100,Continental,Delhi,zomato,268
2101,Chinese,Delhi,zomato,147
2102,Italian,Delhi,zomato,179
2103,Continental,Delhi,zomato,135
2104,Multi-Cuisine,Delhi,zomato,80
2105,Cafe,Delhi,zomato,201
2106,Street Food,Delhi,zomato,299
2107,Seafood,Delhi,zomato,266
2108,Desserts,Delhi,zomato,223
2109,Seafood,Delhi,zomato,124
2110,Vietnamese,Delhi,zomato,123
2111,Lebanese,Delhi,zomato,139
2112,Japanese,Delhi,zomato,199
2113,Biryani,Delhi,zomato,322
2114,Italian,Delhi,zomato,122
2115,Street Food,Delhi,zomato,208
2116,South Indian,Delhi,zomato,176
2117,Continental,Delhi,zomato,178
2118,Vietnamese,Delhi,zomato,129
2119,Lebanese,Delhi,zomato,266
2120,Chinese,Delhi,zomato,173
2121,Italian,Delhi,zomato,105
2122,Biryani,Delhi,zomato,106
2123,Mughlai,Delhi,zomato,163
2124,Street Food,Delhi,zomato,113
2125,Mughlai,Delhi,zomato,127
2126,Biryani,Delhi,zomato,153
2127,Japanese,Delhi,zomato,266
2128,Desserts,Delhi,zomato,137
2129,Desserts,Delhi,zomato,177
2130,Lebanese,Delhi,zomato,372
2131,Continental,Delhi,zomato,188
2132,Korean,Delhi,zomato,188
2133,Continental,Delhi,zomato,126
2134,Mexican,Delhi,zomato,164
2135,Thai,Delhi,zomato,113
2136,Continental,Delhi,zomato,259
2137,Street Food,Delhi,zomato,146
2138,Street Food,Delhi,zomato,224
2139,Street Food,Delhi,zomato,238
2140,North Indian,Delhi,zomato,288
2141,Mediterranean,Delhi,zomato,215
2142,Bakery,Delhi,zomato,295
2143,Street Food,Delhi,zomato,198
2144,Lebanese,Delhi,zomato,126
2145,North Indian,Delhi,zomato,261
2146,Bakery,Delhi,zomato,283
2147,South Indian,Delhi,zomato,294
2148,Thai,Delhi,zomato,232
2149,Chinese,Delhi,zomato,219
2150,Biryani,Delhi,zomato,219
2151,Pan-Asian,Delhi,zomato,145
2152,Pan-Asian,Delhi,zomato,207
2153,Thai,Delhi,zomato,157
2154,Mexican,Delhi,zomato,91
2155,Bakery,Delhi,zomato,272
2156,Cafe,Delhi,zomato,183
2157,Mexican,Delhi,zomato,194
2158,North Indian,Delhi,zomato,177
2159,Cafe,Delhi,zomato,158
2160,Biryani,Delhi,zomato,183
2161,Pan-Asian,Delhi,zomato,349
2162,North Indian,Delhi,zomato,345
2163,Mediterranean,Delhi,zomato,220
2164,Japanese,Delhi,zomato,162
2165,Biryani,Delhi,zomato,242
2166,Fast Food,Delhi,zomato,181
2167,Bakery,Delhi,zomato,164
2168,Italian,Delhi,zomato,210
2169,Thai,Delhi,zomato,207
2170,Street Food,Delhi,zomato,143
2171,Bakery,Delhi,zomato,141
2172,Biryani,Delhi,zomato,191
2173,Street Food,Delhi,zomato,145
2174,Lebanese,Delhi,zomato,116
2175,Seafood,Delhi,zomato,348
2176,Pan-Asian,Delhi,zomato,173
2177,North Indian,Delhi,zomato,180
2178,South Indian,Pune,zomato,243
2179,Bakery,Pune,zomato,155
2180,Biryani,Pune,zomato,150
2181,Biryani,Pune,zomato,195
2182,Biryani,Pune,zomato,193
2183,Italian,Pune,zomato,156
2184,Italian,Pune,zomato,201
2185,Biryani,Pune,zomato,167
2186,Continental,Pune,zomato,126
2187,Street Food,Pune,zomato,140
2188,Multi-Cuisine,Pune,zomato,212
2189,Desserts,Pune,zomato,179
2190,Mediterranean,Pune,zomato,256
2191,Korean,Pune,zomato,145
2192,Pan-Asian,Pune,zomato,153
2193,Cafe,Pune,zomato,252
2194,Desserts,Pune,zomato,185
2195,Mediterranean,Pune,zomato,197
2196,Seafood,Pune,zomato,90
2197,Street Food,Pune,zomato,95
2198,Biryani,Pune,zomato,368
2199,Mediterranean,Pune,zomato,162
2200,Korean,Pune,zomato,163
2201,Continental,Pune,zomato,124
2202,Mughlai,Pune,zomato,159
2203,Mughlai,Pune,zomato,262
2204,North Indian,Pune,zomato,233
2205,Japanese,Pune,zomato,179
2206,Cafe,Pune,zomato,92
2207,Thai,Pune,zomato,171
2208,Chinese,Pune,zomato,168
2209,Continental,Pune,zomato,292
2210,Street Food,Pune,zomato,233
2211,Chinese,Pune,zomato,196
2212,Street Food,Pune,zomato,273
2213,Desserts,Pune,zomato,324
2214,Lebanese,Pune,zomato,342
2215,Fast Food,Pune,zomato,159
2216,Fast Food,Pune,zomato,231
2217,Street Food,Pune,zomato,141
2218,Biryani,Pune,zomato,213
2219,Multi-Cuisine,Pune,zomato,239
2220,Korean,Pune,zomato,175
2221,Mughlai,Pune,zomato,166
2222,Bakery,Pune,zomato,154
2223,Mexican,Pune,zomato,141
2224,Street Food,Pune,zomato,264
2225,Thai,Pune,zomato,143
2226,North Indian,Pune,zomato,127
2227,Japanese,Pune,zomato,91
2228,Mediterranean,Pune,zomato,351
2229,Seafood,Pune,zomato,216
2230,Desserts,Pune,zomato,260
2231,Multi-Cuisine,Pune,zomato,253
2232,Thai,Pune,zomato,205
2233,Lebanese,Pune,zomato,351
2234,Desserts,Pune,zomato,271
2235,Lebanese,Pune,zomato,278
2236,Cafe,Pune,zomato,233
2237,Biryani,Pune,zomato,164
2238,Thai,Pune,zomato,134
2239,Bakery,Pune,zomato,241
2240,Mediterranean,Pune,zomato,141
2241,Korean,Pune,zomato,141
2242,Biryani,Pune,zomato,133
2243,Multi-Cuisine,Pune,zomato,176
2244,Mediterranean,Pune,zomato,111
2245,Cafe,Pune,zomato,330
2246,Fast Food,Pune,zomato,206
2247,Mughlai,Pune,zomato,101
2248,North Indian,Pune,zomato,253
2249,Pan-Asian,Pune,zomato,124
2250,Multi-Cuisine,Pune,zomato,309
2251,Bakery,Pune,zomato,140
2252,Fast Food,Pune,zomato,143
2253,Italian,Pune,zomato,111
2254,North Indian,Pune,zomato,203
2255,Mediterranean,Pune,zomato,107
2256,Fast Food,Pune,zomato,157
2257,Lebanese,Pune,zomato,148
2258,Multi-Cuisine,Pune,zomato,185
2259,Street Food,Pune,zomato,138
2260,Mexican,Pune,zomato,111
2261,Bakery,Pune,zomato,268
2262,Japanese,Pune,zomato,210
2263,Korean,Pune,zomato,178
2264,Multi-Cuisine,Pune,zomato,224
2265,Mughlai,Pune,zomato,131
2266,Multi-Cuisine,Pune,zomato,140
2267,Mexican,Pune,zomato,367
2268,Mexican,Pune,zomato,238
2269,Cafe,Pune,zomato,210
2270,Cafe,Pune,zomato,125
2271,Mediterranean,Pune,zomato,266
2272,Continental,Pune,zomato,135
2273,Desserts,Pune,zomato,363
2274,Chinese,Pune,zomato,168
2275,Italian,Pune,zomato,207
2276,Vietnamese,Pune,zomato,298
2277,Chinese,Pune,zomato,113
2278,Cafe,Pune,zomato,320
2279,Italian,Pune,zomato,156
2280,North Indian,Pune,zomato,106
2281,Seafood,Pune,zomato,158
2282,Mexican,Pune,zomato,238
2283,Fast Food,Pune,zomato,131
2284,South Indian,Pune,zomato,97
2285,Street Food,Pune,zomato,222
2286,Biryani,Pune,zomato,209
2287,Street Food,Pune,zomato,152
2288,Lebanese,Pune,zomato,96
2289,North Indian,Pune,zomato,243
2290,Cafe,Pune,zomato,288
2291,Japanese,Pune,zomato,227
2292,Biryani,Pune,zomato,195
2293,North Indian,Pune,zomato,158
2294,Cafe,Pune,zomato,255
2295,South Indian,Pune,zomato,209
2296,Mexican,Pune,zomato,146
2297,Cafe,Pune,zomato,151
2298,Multi-Cuisine,Pune,zomato,211
2299,Lebanese,Pune,zomato,175
2300,Mediterranean,Pune,zomato,191
2301,Street Food,Pune,zomato,206
2302,Bakery,Pune,zomato,228
2303,Seafood,Pune,zomato,156
2304,Lebanese,Pune,zomato,137
2305,Fast Food,Pune,zomato,268
2306,Japanese,Pune,zomato,125
2307,North Indian,Pune,zomato,235
2308,Korean,Pune,zomato,245
2309,Fast Food,Pune,zomato,271
2310,Continental,Pune,zomato,384
2311,Pan-Asian,Pune,zomato,209
2312,Mexican,Pune,zomato,154
2313,Thai,Pune,zomato,277
2314,Bakery,Pune,zomato,247
2315,Cafe,Pune,zomato,182
2316,Multi-Cuisine,Pune,zomato,182
2317,Pan-Asian,Pune,zomato,178
2318,North Indian,Pune,zomato,120
2319,Cafe,Pune,zomato,294
2320,Japanese,Pune,zomato,326
2321,Mughlai,Pune,zomato,183
2322,Bakery,Pune,zomato,207
2323,Pan-Asian,Pune,zomato,91
2324,Korean,Pune,zomato,202
2325,Continental,Pune,zomato,112
2326,Cafe,Pune,zomato,386
2327,Italian,Pune,zomato,195
2328,Chinese,Pune,zomato,183
2329,Bakery,Pune,zomato,220
2330,Continental,Pune,zomato,224
2331,Mughlai,Pune,zomato,162
2332,Continental,Pune,zomato,184
2333,Japanese,Pune,zomato,190
2334,Mughlai,Pune,zomato,128
2335,Mexican,Pune,zomato,396
2336,Vietnamese,Pune,zomato,269
2337,Seafood,Pune,zomato,174
2338,Korean,Pune,zomato,149
2339,North Indian,Pune,zomato,273
2340,Korean,Pune,zomato,155
2341,Continental,Pune,zomato,181
2342,Italian,Pune,zomato,245
2343,South Indian,Pune,zomato,410
2344,South Indian,Hyderabad,zomato,218
2345,Korean,Hyderabad,zomato,169
2346,Thai,Hyderabad,zomato,285
2347,Mexican,Hyderabad,zomato,227
2348,Desserts,Hyderabad,zomato,356
2349,North Indian,Hyderabad,zomato,148
2350,Vietnamese,Hyderabad,zomato,215
2351,South Indian,Hyderabad,zomato,277
2352,Mughlai,Hyderabad,zomato,142
2353,Chinese,Hyderabad,zomato,161
2354,Bakery,Hyderabad,zomato,196
2355,Mediterranean,Hyderabad,zomato,216
2356,Lebanese,Hyderabad,zomato,138
2357,Mediterranean,Hyderabad,zomato,308
2358,Mediterranean,Hyderabad,zomato,259
2359,Desserts,Hyderabad,zomato,177
2360,North Indian,Hyderabad,zomato,191
2361,South Indian,Hyderabad,zomato,109
2362,Biryani,Hyderabad,zomato,156
2363,Mexican,Hyderabad,zomato,339
2364,Street Food,Hyderabad,zomato,143
2365,North Indian,Hyderabad,zomato,146
2366,Street Food,Hyderabad,zomato,114
2367,South Indian,Hyderabad,zomato,324
2368,Italian,Hyderabad,zomato,298
2369,Continental,Hyderabad,zomato,286
2370,Chinese,Hyderabad,zomato,300
2371,South Indian,Hyderabad,zomato,193
2372,Lebanese,Hyderabad,zomato,134
2373,Multi-Cuisine,Hyderabad,zomato,226
2374,Bakery,Hyderabad,zomato,98
2375,Biryani,Hyderabad,zomato,225
2376,Biryani,Hyderabad,zomato,271
2377,Korean,Hyderabad,zomato,218
2378,Seafood,Hyderabad,zomato,283
2379,Bakery,Hyderabad,zomato,169
2380,Korean,Hyderabad,zomato,371
2381,Mughlai,Hyderabad,zomato,243
2382,Vietnamese,Hyderabad,zomato,285
2383,Biryani,Hyderabad,zomato,264
2384,Desserts,Hyderabad,zomato,113
2385,Thai,Hyderabad,zomato,332
2386,Cafe,Hyderabad,zomato,173
2387,Mexican,Hyderabad,zomato,203
2388,Korean,Hyderabad,zomato,130
2389,Vietnamese,Hyderabad,zomato,182
2390,Lebanese,Hyderabad,zomato,194
2391,Fast Food,Hyderabad,zomato,359
2392,Desserts,Hyderabad,zomato,276
2393,Korean,Hyderabad,zomato,238
2394,South Indian,Hyderabad,zomato,125
2395,Seafood,Hyderabad,zomato,196
2396,Chinese,Hyderabad,zomato,185
2397,Seafood,Hyderabad,zomato,320
2398,Italian,Hyderabad,zomato,344
2399,Multi-Cuisine,Hyderabad,zomato,295
2400,Desserts,Hyderabad,zomato,275
2401,Italian,Hyderabad,zomato,182
2402,Chinese,Hyderabad,zomato,220
2403,Korean,Hyderabad,zomato,162
2404,Biryani,Hyderabad,zomato,300
2405,Mexican,Hyderabad,zomato,256
2406,Multi-Cuisine,Hyderabad,zomato,276
2407,Street Food,Hyderabad,zomato,194
2408,Desserts,Hyderabad,zomato,116
2409,Desserts,Hyderabad,zomato,252
2410,Bakery,Hyderabad,zomato,224
2411,Korean,Hyderabad,zomato,192
2412,South Indian,Hyderabad,zomato,153
2413,Thai,Hyderabad,zomato,251
2414,Biryani,Hyderabad,zomato,195
2415,North Indian,Hyderabad,zomato,108
2416,Chinese,Hyderabad,zomato,373
2417,Mediterranean,Hyderabad,zomato,324
2418,Lebanese,Hyderabad,zomato,263
2419,Desserts,Hyderabad,zomato,102
2420,Pan-Asian,Hyderabad,zomato,216
2421,Desserts,Hyderabad,zomato,161
2422,Desserts,Hyderabad,zomato,115
2423,Vietnamese,Hyderabad,zomato,140
2424,Fast Food,Hyderabad,zomato,101
2425,Mexican,Hyderabad,zomato,223
2426,Mediterranean,Hyderabad,zomato,151
2427,Desserts,Hyderabad,zomato,321
2428,Mediterranean,Hyderabad,zomato,134
2429,Vietnamese,Hyderabad,zomato,185
2430,Korean,Hyderabad,zomato,177
2431,Korean,Hyderabad,zomato,171
2432,Mexican,Hyderabad,zomato,180
2433,Desserts,Hyderabad,zomato,269
2434,Street Food,Hyderabad,zomato,194
2435,North Indian,Hyderabad,zomato,114
2436,Chinese,Hyderabad,zomato,237
2437,Japanese,Hyderabad,zomato,253
2438,Japanese,Hyderabad,zomato,224
2439,South Indian,Hyderabad,zomato,165
2440,Lebanese,Hyderabad,zomato,202
2441,Biryani,Hyderabad,zomato,160
2442,Bakery,Hyderabad,zomato,160
2443,Mughlai,Hyderabad,zomato,176
2444,Fast Food,Hyderabad,zomato,189
2445,Mughlai,Hyderabad,zomato,232
2446,South Indian,Hyderabad,zomato,184
2447,Fast Food,Hyderabad,zomato,246
2448,Biryani,Hyderabad,zomato,245
2449,Mediterranean,Hyderabad,zomato,199
2450,Continental,Hyderabad,zomato,321
2451,Desserts,Hyderabad,zomato,198
2452,Mexican,Hyderabad,zomato,209
2453,Vietnamese,Hyderabad,zomato,205
2454,Cafe,Hyderabad,zomato,128
2455,Desserts,Hyderabad,zomato,173
2456,North Indian,Hyderabad,zomato,265
2457,North Indian,Hyderabad,zomato,142
2458,North Indian,Hyderabad,zomato,215
2459,Bakery,Hyderabad,zomato,163
2460,Street Food,Hyderabad,zomato,352
2461,Mexican,Hyderabad,zomato,273
2462,Japanese,Hyderabad,zomato,313
2463,Bakery,Hyderabad,zomato,111
2464,Chinese,Hyderabad,zomato,164
2465,Desserts,Hyderabad,zomato,268
2466,Cafe,Hyderabad,zomato,223
2467,Italian,Hyderabad,zomato,164
2468,Mexican,Hyderabad,zomato,261
2469,Mughlai,Hyderabad,zomato,210
2470,Korean,Hyderabad,zomato,238
2471,Thai,Hyderabad,zomato,101
2472,Seafood,Hyderabad,zomato,130
2473,South Indian,Hyderabad,zomato,192
2474,Italian,Hyderabad,zomato,191
2475,Bakery,Hyderabad,zomato,97
2476,Street Food,Hyderabad,zomato,207
2477,Chinese,Hyderabad,zomato,168
2478,Thai,Hyderabad,zomato,306
2479,Street Food,Hyderabad,zomato,242
2480,Chinese,Chennai,zomato,225
2481,Seafood,Chennai,zomato,186
2482,Korean,Chennai,zomato,290
2483,Seafood,Chennai,zomato,134
2484,Continental,Chennai,zomato,121
2485,Mexican,Chennai,zomato,101
2486,Desserts,Chennai,zomato,289
2487,Seafood,Chennai,zomato,275
2488,Mughlai,Chennai,zomato,305
2489,Street Food,Chennai,zomato,274
2490,Korean,Chennai,zomato,154
2491,Cafe,Chennai,zomato,224
2492,Bakery,Chennai,zomato,171
2493,Italian,Chennai,zomato,188
2494,Italian,Chennai,zomato,188
2495,Continental,Chennai,zomato,121
2496,Italian,Chennai,zomato,196
2497,Desserts,Chennai,zomato,191
2498,Pan-Asian,Chennai,zomato,177
2499,Mexican,Chennai,zomato,150
2500,Street Food,Chennai,zomato,121
2501,Pan-Asian,Chennai,zomato,178
2502,Bakery,Chennai,zomato,233
2503,Japanese,Chennai,zomato,161
2504,Biryani,Chennai,zomato,161
2505,Cafe,Chennai,zomato,214
2506,Biryani,Chennai,zomato,169
2507,Lebanese,Chennai,zomato,169
2508,South Indian,Chennai,zomato,202
2509,Thai,Chennai,zomato,207
2510,Lebanese,Chennai,zomato,141
2511,Mexican,Chennai,zomato,182
2512,Chinese,Chennai,zomato,216
2513,Continental,Chennai,zomato,213
2514,Biryani,Chennai,zomato,188
2515,Mediterranean,Chennai,zomato,224
2516,Japanese,Chennai,zomato,223
2517,Bakery,Chennai,zomato,188
2518,Seafood,Chennai,zomato,187
2519,Italian,Chennai,zomato,97
2520,Vietnamese,Chennai,zomato,228
2521,Seafood,Chennai,zomato,229
2522,Pan-Asian,Chennai,zomato,229
2523,Multi-Cuisine,Chennai,zomato,159
2524,Italian,Chennai,zomato,195
2525,Biryani,Chennai,zomato,308
2526,Bakery,Chennai,zomato,271
2527,Continental,Chennai,zomato,195
2528,Desserts,Chennai,zomato,318
2529,Street Food,Chennai,zomato,179
2530,Multi-Cuisine,Chennai,zomato,287
2531,Fast Food,Chennai,zomato,208
2532,South Indian,Chennai,zomato,326
2533,North Indian,Chennai,zomato,142
2534,Fast Food,Chennai,zomato,252
2535,North Indian,Chennai,zomato,192
2536,Thai,Chennai,zomato,310
2537,Pan-Asian,Chennai,zomato,107
2538,Street Food,Chennai,zomato,285
2539,Vietnamese,Chennai,zomato,228
2540,Biryani,Chennai,zomato,199
2541,Fast Food,Chennai,zomato,113
2542,Cafe,Chennai,zomato,162
2543,Mughlai,Chennai,zomato,116
2544,Pan-Asian,Chennai,zomato,218
2545,Seafood,Chennai,zomato,325
2546,South Indian,Chennai,zomato,384
2547,Mughlai,Chennai,zomato,190
2548,Korean,Chennai,zomato,237
2549,Pan-Asian,Chennai,zomato,147
2550,North Indian,Chennai,zomato,206
2551,Italian,Chennai,zomato,173
2552,Bakery,Chennai,zomato,229
2553,Chinese,Chennai,zomato,337
2554,Thai,Chennai,zomato,121
2555,Street Food,Chennai,zomato,224
2556,Lebanese,Chennai,zomato,106
2557,Bakery,Chennai,zomato,228
2558,Italian,Chennai,zomato,251
2559,Japanese,Chennai,zomato,137
2560,South Indian,Chennai,zomato,248
2561,Korean,Chennai,zomato,239
2562,South Indian,Chennai,zomato,157
2563,Vietnamese,Chennai,zomato,266
2564,Pan-Asian,Chennai,zomato,172
2565,Vietnamese,Chennai,zomato,93
2566,Thai,Chennai,zomato,108
2567,Desserts,Chennai,zomato,327
2568,Chinese,Chennai,zomato,213
2569,Seafood,Chennai,zomato,208
2570,Biryani,Chennai,zomato,93
2571,Mexican,Chennai,zomato,348
2572,Street Food,Chennai,zomato,246
2573,Chinese,Chennai,zomato,245
2574,Italian,Chennai,zomato,354
2575,Thai,Chennai,zomato,205
2576,Mughlai,Chennai,zomato,137
2577,Mexican,Chennai,zomato,154
2578,Street Food,Chennai,zomato,101
2579,Chinese,Chennai,zomato,209
2580,Continental,Chennai,zomato,282
2581,Seafood,Chennai,zomato,123
2582,Seafood,Chennai,zomato,254
2583,Vietnamese,Chennai,zomato,224
2584,Italian,Chennai,zomato,165
2585,Lebanese,Chennai,zomato,145
2586,Italian,Chennai,zomato,216
2587,Cafe,Chennai,zomato,184
2588,Chinese,Chennai,zomato,269
2589,Fast Food,Chennai,zomato,242
2590,Biryani,Chennai,zomato,160
2591,Lebanese,Chennai,zomato,315
2592,Fast Food,Chennai,zomato,154
2593,Cafe,Chennai,zomato,182
2594,Mughlai,Chennai,zomato,374
2595,Bakery,Chennai,zomato,109
2596,Seafood,Chennai,zomato,158
2597,Continental,Chennai,zomato,186
2598,Mediterranean,Chennai,zomato,150
2599,Thai,Chennai,zomato,239
2600,Mediterranean,Chennai,zomato,127
2601,Lebanese,Kolkata,zomato,148
2602,Korean,Kolkata,zomato,186
2603,Japanese,Kolkata,zomato,334
2604,Mexican,Kolkata,zomato,111
2605,Street Food,Kolkata,zomato,100
2606,Fast Food,Kolkata,zomato,271
2607,Multi-Cuisine,Kolkata,zomato,135
2608,North Indian,Kolkata,zomato,116
2609,Pan-Asian,Kolkata,zomato,151
2610,Street Food,Kolkata,zomato,156
2611,Cafe,Kolkata,zomato,178
2612,Japanese,Kolkata,zomato,183
2613,Thai,Kolkata,zomato,234
2614,Mexican,Kolkata,zomato,252
2615,Mediterranean,Kolkata,zomato,205
2616,Cafe,Kolkata,zomato,269
2617,Multi-Cuisine,Kolkata,zomato,130
2618,Italian,Kolkata,zomato,180
2619,Mughlai,Kolkata,zomato,251
2620,Mediterranean,Kolkata,zomato,117
2621,Mediterranean,Kolkata,zomato,155
2622,Cafe,Kolkata,zomato,100
2623,Street Food,Kolkata,zomato,369
2624,Seafood,Kolkata,zomato,325
2625,Street Food,Kolkata,zomato,143
2626,Street Food,Kolkata,zomato,123
2627,Pan-Asian,Kolkata,zomato,134
2628,Mediterranean,Kolkata,zomato,137
2629,Seafood,Kolkata,zomato,200
2630,Bakery,Kolkata,zomato,238
2631,Desserts,Kolkata,zomato,118
2632,North Indian,Kolkata,zomato,162
2633,Italian,Kolkata,zomato,105
2634,Fast Food,Kolkata,zomato,110
2635,Bakery,Kolkata,zomato,221
2636,Multi-Cuisine,Kolkata,zomato,121
2637,Continental,Kolkata,zomato,124
2638,Street Food,Kolkata,zomato,198
2639,Mediterranean,Kolkata,zomato,115
2640,Seafood,Kolkata,zomato,232
2641,Italian,Kolkata,zomato,94
2642,Street Food,Kolkata,zomato,331
2643,Mediterranean,Kolkata,zomato,246
2644,Mediterranean,Kolkata,zomato,136
2645,Bakery,Kolkata,zomato,232
2646,Street Food,Kolkata,zomato,199
2647,Mughlai,Kolkata,zomato,274
2648,Desserts,Kolkata,zomato,228
2649,South Indian,Kolkata,zomato,262
2650,Desserts,Kolkata,zomato,180
2651,Mexican,Kolkata,zomato,200
2652,Mughlai,Kolkata,zomato,196
2653,Desserts,Kolkata,zomato,267
2654,Cafe,Kolkata,zomato,176
2655,Seafood,Kolkata,zomato,133
2656,Multi-Cuisine,Kolkata,zomato,125
2657,Cafe,Kolkata,zomato,251
2658,Mediterranean,Kolkata,zomato,92
2659,Lebanese,Kolkata,zomato,282
2660,Bakery,Kolkata,zomato,192
2661,Seafood,Kolkata,zomato,94
2662,Mediterranean,Kolkata,zomato,147
2663,Vietnamese,Kolkata,zomato,155
2664,Mediterranean,Kolkata,zomato,187
2665,Mediterranean,Kolkata,zomato,235
2666,Chinese,Kolkata,zomato,243
2667,Korean,Kolkata,zomato,129
2668,Chinese,Kolkata,zomato,303
2669,Lebanese,Kolkata,zomato,109
2670,Korean,Kolkata,zomato,193
2671,Mexican,Kolkata,zomato,168
2672,Bakery,Kolkata,zomato,191
2673,Japanese,Kolkata,zomato,138
2674,Cafe,Kolkata,zomato,153
2675,Biryani,Kolkata,zomato,172
2676,Multi-Cuisine,Kolkata,zomato,97
2677,North Indian,Kolkata,zomato,260
2678,Fast Food,Kolkata,zomato,262
2679,Bakery,Kolkata,zomato,211
2680,Lebanese,Kolkata,zomato,256
2681,Street Food,Kolkata,zomato,198
2682,Chinese,Kolkata,zomato,227
2683,Japanese,Kolkata,zomato,136
2684,Mexican,Kolkata,zomato,194
2685,Biryani,Kolkata,zomato,242
2686,Bakery,Kolkata,zomato,123
2687,Fast Food,Kolkata,zomato,237
2688,Mughlai,Kolkata,zomato,138
2689,Pan-Asian,Kolkata,zomato,201
2690,Mexican,Kolkata,zomato,231
2691,Multi-Cuisine,Kolkata,zomato,139
2692,Chinese,Kolkata,zomato,217
2693,Fast Food,Kolkata,zomato,135
2694,Korean,Kolkata,zomato,107
2695,Vietnamese,Kolkata,zomato,145
2696,Lebanese,Ahmedabad,zomato,140
2697,Japanese,Ahmedabad,zomato,123
2698,Biryani,Ahmedabad,zomato,281
2699,North Indian,Ahmedabad,zomato,265
2700,Bakery,Ahmedabad,zomato,318
2701,Desserts,Ahmedabad,zomato,262
2702,North Indian,Ahmedabad,zomato,200
2703,Fast Food,Ahmedabad,zomato,201
2704,Lebanese,Ahmedabad,zomato,147
2705,Pan-Asian,Ahmedabad,zomato,174
2706,Vietnamese,Ahmedabad,zomato,201
2707,Pan-Asian,Ahmedabad,zomato,275
2708,Fast Food,Ahmedabad,zomato,190
2709,South Indian,Ahmedabad,zomato,101
2710,Mediterranean,Ahmedabad,zomato,261
2711,Mughlai,Ahmedabad,zomato,173
2712,Seafood,Ahmedabad,zomato,131
2713,Korean,Ahmedabad,zomato,276
2714,Biryani,Ahmedabad,zomato,214
2715,Street Food,Ahmedabad,zomato,103
2716,Lebanese,Ahmedabad,zomato,166
2717,Mexican,Ahmedabad,zomato,283
2718,Korean,Ahmedabad,zomato,267
2719,Street Food,Ahmedabad,zomato,181
2720,Mediterranean,Ahmedabad,zomato,249
2721,North Indian,Ahmedabad,zomato,276
2722,Korean,Ahmedabad,zomato,110
2723,South Indian,Ahmedabad,zomato,284
2724,Seafood,Ahmedabad,zomato,126
2725,Continental,Ahmedabad,zomato,131
2726,Italian,Ahmedabad,zomato,170
2727,Mediterranean,Ahmedabad,zomato,162
2728,Fast Food,Ahmedabad,zomato,273
2729,Cafe,Ahmedabad,zomato,164
2730,Street Food,Ahmedabad,zomato,220
2731,Mughlai,Ahmedabad,zomato,154
2732,Japanese,Ahmedabad,zomato,167
2733,Mediterranean,Ahmedabad,zomato,122
2734,Cafe,Ahmedabad,zomato,236
2735,Mediterranean,Ahmedabad,zomato,133
2736,Japanese,Ahmedabad,zomato,239
2737,Mediterranean,Ahmedabad,zomato,285
2738,Lebanese,Ahmedabad,zomato,171
2739,Chinese,Ahmedabad,zomato,153
2740,Mughlai,Ahmedabad,zomato,273
2741,Italian,Ahmedabad,zomato,190
2742,Street Food,Ahmedabad,zomato,125
2743,Japanese,Ahmedabad,zomato,144
2744,Korean,Ahmedabad,zomato,240
2745,Korean,Ahmedabad,zomato,161
2746,South Indian,Ahmedabad,zomato,198
2747,Chinese,Ahmedabad,zomato,196
2748,Biryani,Ahmedabad,zomato,118
2749,Bakery,Ahmedabad,zomato,268
2750,Vietnamese,Ahmedabad,zomato,158
2751,Vietnamese,Ahmedabad,zomato,168
2752,Bakery,Ahmedabad,zomato,139
2753,South Indian,Ahmedabad,zomato,191
2754,Thai,Ahmedabad,zomato,124
2755,Desserts,Ahmedabad,zomato,114
2756,Biryani,Ahmedabad,zomato,378
2757,Fast Food,Ahmedabad,zomato,288
2758,South Indian,Ahmedabad,zomato,183
2759,Mughlai,Ahmedabad,zomato,185
2760,Vietnamese,Ahmedabad,zomato,213
2761,South Indian,Ahmedabad,zomato,180
2762,Desserts,Ahmedabad,zomato,157
2763,Mexican,Ahmedabad,zomato,122
2764,Multi-Cuisine,Ahmedabad,zomato,154
2765,Italian,Ahmedabad,zomato,179
2766,North Indian,Ahmedabad,zomato,122
2767,Chinese,Ahmedabad,zomato,133
2768,Mexican,Ahmedabad,zomato,129
2769,Pan-Asian,Ahmedabad,zomato,200
2770,Fast Food,Ahmedabad,zomato,214
2771,Cafe,Ahmedabad,zomato,252
2772,Italian,Ahmedabad,zomato,266
2773,Mexican,Ahmedabad,zomato,146
2774,South Indian,Ahmedabad,zomato,368
2775,Mexican,Ahmedabad,zomato,105
2776,Multi-Cuisine,Ahmedabad,zomato,111
2777,Korean,Ahmedabad,zomato,169
2778,Seafood,Ahmedabad,zomato,201
2779,Seafood,Ahmedabad,zomato,184
2780,South Indian,Ahmedabad,zomato,207
2781,Continental,Ahmedabad,zomato,216
2782,Mediterranean,Ahmedabad,zomato,189
2783,Street Food,Ahmedabad,zomato,132
2784,Mexican,Ahmedabad,zomato,216
2785,Korean,Ahmedabad,zomato,168
2786,Italian,Ahmedabad,zomato,210
2787,Bakery,Ahmedabad,zomato,339
2788,Biryani,Ahmedabad,zomato,159
2789,Biryani,Ahmedabad,zomato,94
2790,Korean,Ahmedabad,zomato,115
2791,Biryani,Ahmedabad,zomato,142
2792,Biryani,Ahmedabad,zomato,183
2793,Chinese,Ahmedabad,zomato,259
2794,Chinese,Ahmedabad,zomato,254
2795,Bakery,Jaipur,zomato,242
2796,Chinese,Jaipur,zomato,121
2797,Biryani,Jaipur,zomato,271
2798,Desserts,Jaipur,zomato,149
2799,Thai,Jaipur,zomato,100
2800,Continental,Jaipur,zomato,302
2801,Biryani,Jaipur,zomato,164
2802,Desserts,Jaipur,zomato,152
2803,Continental,Jaipur,zomato,142
2804,Thai,Jaipur,zomato,151
2805,Continental,Jaipur,zomato,236
2806,Continental,Jaipur,zomato,145
2807,Cafe,Jaipur,zomato,188
2808,Chinese,Jaipur,zomato,160
2809,Multi-Cuisine,Jaipur,zomato,152
2810,Thai,Jaipur,zomato,240
2811,Mexican,Jaipur,zomato,151
2812,Korean,Jaipur,zomato,104
2813,Biryani,Jaipur,zomato,337
2814,Multi-Cuisine,Jaipur,zomato,192
2815,Italian,Jaipur,zomato,113
2816,Desserts,Jaipur,zomato,217
2817,Seafood,Jaipur,zomato,228
2818,Korean,Jaipur,zomato,162
2819,Street Food,Jaipur,zomato,281
2820,North Indian,Jaipur,zomato,160
2821,Multi-Cuisine,Jaipur,zomato,165
2822,North Indian,Jaipur,zomato,182
2823,Mughlai,Jaipur,zomato,115
2824,Korean,Jaipur,zomato,149
2825,Bakery,Jaipur,zomato,217
2826,Chinese,Jaipur,zomato,144
2827,Multi-Cuisine,Jaipur,zomato,195
2828,Cafe,Jaipur,zomato,135
2829,North Indian,Jaipur,zomato,225
2830,Thai,Jaipur,zomato,214
2831,Bakery,Jaipur,zomato,155
2832,Seafood,Jaipur,zomato,256
2833,Desserts,Jaipur,zomato,236
2834,Fast Food,Jaipur,zomato,183
2835,South Indian,Jaipur,zomato,177
2836,Mediterranean,Jaipur,zomato,247
2837,Cafe,Jaipur,zomato,308
2838,Fast Food,Jaipur,zomato,267
2839,Mediterranean,Jaipur,zomato,187
2840,Thai,Jaipur,zomato,103
2841,Mediterranean,Jaipur,zomato,114
2842,Multi-Cuisine,Jaipur,zomato,212
2843,Fast Food,Jaipur,zomato,203
2844,Lebanese,Jaipur,zomato,259
2845,Thai,Jaipur,zomato,191
2846,Desserts,Jaipur,zomato,152
2847,Pan-Asian,Jaipur,zomato,180
2848,Japanese,Jaipur,zomato,207
2849,Seafood,Jaipur,zomato,117
2850,Thai,Jaipur,zomato,293
2851,Italian,Jaipur,zomato,247
2852,Seafood,Jaipur,zomato,210
2853,Seafood,Jaipur,zomato,217
2854,Seafood,Jaipur,zomato,212
2855,South Indian,Jaipur,zomato,232
2856,Mediterranean,Jaipur,zomato,274
2857,Fast Food,Jaipur,zomato,161
2858,Biryani,Jaipur,zomato,254
2859,Fast Food,Jaipur,zomato,182
2860,South Indian,Jaipur,zomato,120
2861,Mexican,Jaipur,zomato,199
2862,South Indian,Jaipur,zomato,135
2863,Mughlai,Jaipur,zomato,119
2864,South Indian,Jaipur,zomato,277
2865,Street Food,Jaipur,zomato,130
2866,Street Food,Jaipur,zomato,327
2867,Korean,Jaipur,zomato,136
2868,Pan-Asian,Jaipur,zomato,340
2869,Japanese,Jaipur,zomato,147
2870,Thai,Jaipur,zomato,163
2871,Street Food,Jaipur,zomato,214
2872,Desserts,Lucknow,zomato,207
2873,South Indian,Lucknow,zomato,199
2874,Korean,Lucknow,zomato,109
2875,Desserts,Lucknow,zomato,129
2876,South Indian,Lucknow,zomato,184
2877,Mediterranean,Lucknow,zomato,150
2878,Pan-Asian,Lucknow,zomato,224
2879,Mexican,Lucknow,zomato,314
2880,Cafe,Lucknow,zomato,292
2881,Japanese,Lucknow,zomato,401
2882,Lebanese,Lucknow,zomato,150
2883,Fast Food,Lucknow,zomato,231
2884,North Indian,Lucknow,zomato,136
2885,Lebanese,Lucknow,zomato,119
2886,Vietnamese,Lucknow,zomato,123
2887,Vietnamese,Lucknow,zomato,279
2888,Korean,Lucknow,zomato,406
2889,South Indian,Lucknow,zomato,185
2890,Mediterranean,Lucknow,zomato,146
2891,Bakery,Lucknow,zomato,344
2892,Bakery,Lucknow,zomato,166
2893,Japanese,Lucknow,zomato,239
2894,Mexican,Lucknow,zomato,187
2895,Italian,Lucknow,zomato,115
2896,Chinese,Lucknow,zomato,307
2897,Biryani,Lucknow,zomato,107
2898,Thai,Lucknow,zomato,197
2899,Mexican,Lucknow,zomato,131
2900,South Indian,Lucknow,zomato,132
2901,Pan-Asian,Lucknow,zomato,226
2902,Chinese,Lucknow,zomato,134
2903,Italian,Lucknow,zomato,112
2904,North Indian,Lucknow,zomato,181
2905,Multi-Cuisine,Lucknow,zomato,357
2906,North Indian,Lucknow,zomato,364
2907,Fast Food,Lucknow,zomato,254
2908,Fast Food,Lucknow,zomato,316
2909,Mexican,Lucknow,zomato,209
2910,Mexican,Lucknow,zomato,121
2911,South Indian,Lucknow,zomato,254
2912,Mughlai,Lucknow,zomato,122
2913,South Indian,Lucknow,zomato,144
2914,Multi-Cuisine,Lucknow,zomato,140
2915,Mughlai,Lucknow,zomato,109
2916,Bakery,Lucknow,zomato,123
2917,Mexican,Lucknow,zomato,120
2918,Seafood,Lucknow,zomato,149
2919,Biryani,Lucknow,zomato,161
2920,Chinese,Lucknow,zomato,137
2921,Fast Food,Lucknow,zomato,277
2922,Chinese,Lucknow,zomato,420
2923,Continental,Lucknow,zomato,302
2924,North Indian,Lucknow,zomato,149
2925,Pan-Asian,Lucknow,zomato,115
2926,Multi-Cuisine,Lucknow,zomato,94
2927,Chinese,Lucknow,zomato,258
